[
    {
        "pk": 82,
        "model": "eav.attribute",
        "fields": {
            "description": "Yellow Fever",
            "created": "2011-02-16 06:50:44",
            "datatype": "int",
            "enum_group": null,
            "required": false,
            "site": 1,
            "modified": "2011-03-02 14:31:51",
            "type": "int",
            "slug": "epi_yf",
            "name": "Yellow Fever"
        }
    },
    {
        "pk": 83,
        "model": "eav.attribute",
        "fields": {
            "description": "Plague",
            "created": "2011-02-16 06:50:44",
            "datatype": "int",
            "enum_group": null,
            "required": false,
            "site": 1,
            "modified": "2011-03-02 14:31:51",
            "type": "int",
            "slug": "epi_pl",
            "name": "Plague"
        }
    },
    {
        "pk": 76,
        "model": "eav.attribute",
        "fields": {
            "description": "Acute Flaccid Paralysis (Polio)",
            "created": "2011-02-16 06:50:44",
            "datatype": "int",
            "enum_group": null,
            "required": false,
            "site": 1,
            "modified": "2011-03-02 14:31:51",
            "type": "int",
            "slug": "epi_af",
            "name": "Acute Flaccid Paralysis (Polio)"
        }
    },
    {
        "pk": 75,
        "model": "eav.attribute",
        "fields": {
            "description": "Animal Bites",
            "created": "2011-02-16 06:50:44",
            "datatype": "int",
            "enum_group": null,
            "required": false,
            "site": 1,
            "modified": "2011-03-02 14:31:51",
            "type": "int",
            "slug": "epi_ab",
            "name": "Animal Bites"
        }
    },
    {
        "pk": 80,
        "model": "eav.attribute",
        "fields": {
            "description": "Guinea Worm",
            "created": "2011-02-16 06:50:44",
            "datatype": "int",
            "enum_group": null,
            "required": false,
            "site": 1,
            "modified": "2011-03-02 14:31:51",
            "type": "int",
            "slug": "epi_gw",
            "name": "Guinea Worm"
        }
    },
    {
        "pk": 78,
        "model": "eav.attribute",
        "fields": {
            "description": "Measles",
            "created": "2011-02-16 06:50:44",
            "datatype": "int",
            "enum_group": null,
            "required": false,
            "site": 1,
            "modified": "2011-03-02 14:31:51",
            "type": "int",
            "slug": "epi_me",
            "name": "Measles"
        }
    },
    {
        "pk": 77,
        "model": "eav.attribute",
        "fields": {
            "description": "Meningitis",
            "created": "2011-02-16 06:50:44",
            "datatype": "int",
            "enum_group": null,
            "required": false,
            "site": 1,
            "modified": "2011-03-02 14:31:51",
            "type": "int",
            "slug": "epi_mg",
            "name": "Meningitis"
        }
    },
    {
        "pk": 79,
        "model": "eav.attribute",
        "fields": {
            "description": "Cholera",
            "created": "2011-02-16 06:50:44",
            "datatype": "int",
            "enum_group": null,
            "required": false,
            "site": 1,
            "modified": "2011-03-02 14:31:51",
            "type": "int",
            "slug": "epi_ch",
            "name": "Cholera"
        }
    },
    {
        "pk": 73,
        "model": "eav.attribute",
        "fields": {
            "description": "Malaria",
            "created": "2011-02-16 06:50:44",
            "datatype": "int",
            "enum_group": null,
            "required": false,
            "site": 1,
            "modified": "2011-03-02 14:31:51",
            "type": "int",
            "slug": "epi_ma",
            "name": "Malaria"
        }
    },
    {
        "pk": 85,
        "model": "eav.attribute",
        "fields": {
            "description": "Other Viral Hemorrhagic Fevers",
            "created": "2011-02-16 06:50:44",
            "datatype": "int",
            "enum_group": null,
            "required": false,
            "site": 1,
            "modified": "2011-03-02 14:31:52",
            "type": "int",
            "slug": "epi_vf",
            "name": "Other Viral Hemorrhagic Fevers"
        }
    },
    {
        "pk": 72,
        "model": "eav.attribute",
        "fields": {
            "description": "Bloody diarrhea (Dysentery)",
            "created": "2011-02-16 06:50:44",
            "datatype": "int",
            "enum_group": null,
            "required": false,
            "site": 1,
            "modified": "2011-03-02 14:31:50",
            "type": "int",
            "slug": "epi_bd",
            "name": "Bloody diarrhea (Dysentery)"
        }
    },
    {
        "pk": 84,
        "model": "eav.attribute",
        "fields": {
            "description": "Rabies",
            "created": "2011-02-16 06:50:44",
            "datatype": "int",
            "enum_group": null,
            "required": false,
            "site": 1,
            "modified": "2011-03-02 14:31:51",
            "type": "int",
            "slug": "epi_ra",
            "name": "Rabies"
        }
    },
    {
        "pk": 86,
        "model": "eav.attribute",
        "fields": {
            "description": "Other Emerging Infectious Diseases",
            "created": "2011-02-16 06:50:44",
            "datatype": "int",
            "enum_group": null,
            "required": false,
            "site": 1,
            "modified": "2011-03-02 14:31:52",
            "type": "int",
            "slug": "epi_ei",
            "name": "Other Emerging Infectious Diseases"
        }
    },
    {
        "pk": 88,
        "model": "eav.attribute",
        "fields": {
            "description": "ITTNs/LLINs",
            "created": "2011-02-16 06:50:44",
            "datatype": "int",
            "enum_group": null,
            "required": false,
            "site": 1,
            "modified": "2011-03-02 14:31:51",
            "type": "int",
            "slug": "home_it",
            "name": "ITTNs/LLINs"
        }
    },
    {
        "pk": 89,
        "model": "eav.attribute",
        "fields": {
            "description": "Latrines",
            "created": "2011-02-16 06:50:44",
            "datatype": "int",
            "enum_group": null,
            "required": false,
            "site": 1,
            "modified": "2011-03-02 14:31:51",
            "type": "int",
            "slug": "home_la",
            "name": "Latrines"
        }
    },
    {
        "pk": 91,
        "model": "eav.attribute",
        "fields": {
            "description": "Safe Drinking Water",
            "created": "2011-02-16 06:50:44",
            "datatype": "int",
            "enum_group": null,
            "required": false,
            "site": 1,
            "modified": "2011-03-02 14:31:51",
            "type": "int",
            "slug": "home_wa",
            "name": "Safe Drinking Water"
        }
    },
    {
        "pk": 90,
        "model": "eav.attribute",
        "fields": {
            "description": "Handwashing Facilities",
            "created": "2011-02-16 06:50:44",
            "datatype": "int",
            "enum_group": null,
            "required": false,
            "site": 1,
            "modified": "2011-03-02 14:31:51",
            "type": "int",
            "slug": "home_ha",
            "name": "Handwashing Facilities"
        }
    },
    {
        "pk": 63,
        "model": "eav.attribute",
        "fields": {
            "description": "The age of the malnurished patient",
            "created": "2011-02-16 06:50:43",
            "datatype": "int",
            "enum_group": null,
            "required": false,
            "site": 1,
            "modified": "2011-02-16 06:50:43",
            "type": "cvstdelt",
            "slug": "muac_age",
            "name": "age"
        }
    },
    {
        "pk": 64,
        "model": "eav.attribute",
        "fields": {
            "description": "Red, yellow, or green case of malnutrition",
            "created": "2011-02-16 06:50:43",
            "datatype": "text",
            "enum_group": null,
            "required": false,
            "site": 1,
            "modified": "2011-02-16 06:50:43",
            "type": "cvsmuacr",
            "slug": "muac_category",
            "name": "category"
        }
    },
    {
        "pk": 62,
        "model": "eav.attribute",
        "fields": {
            "description": "The gender of the malnourished patient",
            "created": "2011-02-16 06:50:43",
            "datatype": "text",
            "enum_group": null,
            "required": false,
            "site": 1,
            "modified": "2011-02-16 06:50:43",
            "type": "cvssex",
            "slug": "muac_gender",
            "name": "gender"
        }
    },
    {
        "pk": 61,
        "model": "eav.attribute",
        "fields": {
            "description": "The name of the malnourished patient",
            "created": "2011-02-16 06:50:43",
            "datatype": "text",
            "enum_group": null,
            "required": false,
            "site": 1,
            "modified": "2011-02-16 06:50:43",
            "type": "text",
            "slug": "muac_name",
            "name": "name"
        }
    },
    {
        "pk": 66,
        "model": "eav.attribute",
        "fields": {
            "description": "The name of the person who has died",
            "created": "2011-02-16 06:50:43",
            "datatype": "text",
            "enum_group": null,
            "required": false,
            "site": 1,
            "modified": "2011-02-16 06:50:43",
            "type": "text",
            "slug": "death_name",
            "name": "name"
        }
    },
    {
        "pk": 67,
        "model": "eav.attribute",
        "fields": {
            "description": "The gender of the person who has died",
            "created": "2011-02-16 06:50:43",
            "datatype": "text",
            "enum_group": null,
            "required": false,
            "site": 1,
            "modified": "2011-02-16 06:50:43",
            "type": "cvssex",
            "slug": "death_gender",
            "name": "gender"
        }
    },
    {
        "pk": 68,
        "model": "eav.attribute",
        "fields": {
            "description": "The age of the person who has died",
            "created": "2011-02-16 06:50:43",
            "datatype": "int",
            "enum_group": null,
            "required": false,
            "site": 1,
            "modified": "2011-02-16 06:50:44",
            "type": "cvstdelt",
            "slug": "death_age",
            "name": "age"
        }
    },
    {
        "pk": 176,
        "model": "eav.attribute",
        "fields": {
            "description": "Blue dispensed",
            "created": "2011-10-02 11:52:39",
            "datatype": "int",
            "enum_group": null,
            "required": false,
            "site": 1,
            "modified": "2011-10-02 11:52:39",
            "type": "int",
            "slug": "act_blue_disp",
            "name": "Blue dispensed"
        }
    },
    {
        "pk": 177,
        "model": "eav.attribute",
        "fields": {
            "description": "Blue stock",
            "created": "2011-10-02 11:52:39",
            "datatype": "int",
            "enum_group": null,
            "required": false,
            "site": 1,
            "modified": "2011-10-02 11:52:39",
            "type": "int",
            "slug": "act_blue_balance",
            "name": "Blue stock"
        }
    },
    {
        "pk": 178,
        "model": "eav.attribute",
        "fields": {
            "description": "Brown dispensed",
            "created": "2011-10-02 11:52:39",
            "datatype": "int",
            "enum_group": null,
            "required": false,
            "site": 1,
            "modified": "2011-10-02 11:52:39",
            "type": "int",
            "slug": "act_brown_disp",
            "name": "Brown dispensed"
        }
    },
    {
        "pk": 179,
        "model": "eav.attribute",
        "fields": {
            "description": "Brown stock",
            "created": "2011-10-02 11:52:39",
            "datatype": "int",
            "enum_group": null,
            "required": false,
            "site": 1,
            "modified": "2011-10-02 11:52:39",
            "type": "int",
            "slug": "act_brown_balance",
            "name": "Brown stock"
        }
    },
    {
        "pk": 192,
        "model": "eav.attribute",
        "fields": {
            "description": "deaths",
            "created": "2011-10-02 11:52:40",
            "datatype": "int",
            "enum_group": null,
            "required": false,
            "site": 1,
            "modified": "2011-10-02 11:52:40",
            "type": "int",
            "slug": "mal_total_death",
            "name": "deaths"
        }
    },
    {
        "pk": 186,
        "model": "eav.attribute",
        "fields": {
            "description": "deaths",
            "created": "2011-10-02 11:52:40",
            "datatype": "int",
            "enum_group": null,
            "required": false,
            "site": 1,
            "modified": "2011-10-02 11:52:40",
            "type": "int",
            "slug": "com_death",
            "name": "deaths"
        }
    },
    {
        "pk": 193,
        "model": "eav.attribute",
        "fields": {
            "description": "defaults",
            "created": "2011-10-02 11:52:40",
            "datatype": "int",
            "enum_group": null,
            "required": false,
            "site": 1,
            "modified": "2011-10-02 11:52:40",
            "type": "int",
            "slug": "mal_total_default",
            "name": "defaults"
        }
    },
    {
        "pk": 185,
        "model": "eav.attribute",
        "fields": {
            "description": "diarrhea",
            "created": "2011-10-02 11:52:40",
            "datatype": "int",
            "enum_group": null,
            "required": false,
            "site": 1,
            "modified": "2011-10-02 11:52:40",
            "type": "int",
            "slug": "com_diarrhea",
            "name": "diarrhea"
        }
    },
    {
        "pk": 196,
        "model": "eav.attribute",
        "fields": {
            "description": "F-75 Balance",
            "created": "2011-10-02 11:52:40",
            "datatype": "int",
            "enum_group": null,
            "required": false,
            "site": 1,
            "modified": "2011-10-02 11:52:40",
            "type": "int",
            "slug": "rutf_closing_f75_stock",
            "name": "F-75 Balance"
        }
    },
    {
        "pk": 195,
        "model": "eav.attribute",
        "fields": {
            "description": "F-75 New",
            "created": "2011-10-02 11:52:40",
            "datatype": "int",
            "enum_group": null,
            "required": false,
            "site": 1,
            "modified": "2011-10-02 11:52:40",
            "type": "int",
            "slug": "rutf_new_f75_stock",
            "name": "F-75 New"
        }
    },
    {
        "pk": 93,
        "model": "eav.attribute",
        "fields": {
            "description": "Your facility code",
            "created": "2011-02-16 06:50:44",
            "datatype": "object",
            "enum_group": null,
            "required": false,
            "site": 1,
            "modified": "2011-02-16 06:50:44",
            "type": "facility",
            "slug": "pvht_facility",
            "name": "facility"
        }
    },
    {
        "pk": 94,
        "model": "eav.attribute",
        "fields": {
            "description": "Your facility code",
            "created": "2011-02-16 06:50:44",
            "datatype": "object",
            "enum_group": null,
            "required": false,
            "site": 1,
            "modified": "2011-02-16 06:50:44",
            "type": "facility",
            "slug": "vht_facility",
            "name": "facility"
        }
    },
    {
        "pk": 184,
        "model": "eav.attribute",
        "fields": {
            "description": "fever",
            "created": "2011-10-02 11:52:40",
            "datatype": "int",
            "enum_group": null,
            "required": false,
            "site": 1,
            "modified": "2011-10-02 11:52:40",
            "type": "int",
            "slug": "com_fever",
            "name": "fever"
        }
    },
    {
        "pk": 70,
        "model": "eav.attribute",
        "fields": {
            "description": "The gender of the child born",
            "created": "2011-02-16 06:50:44",
            "datatype": "text",
            "enum_group": null,
            "required": false,
            "site": 1,
            "modified": "2011-02-16 06:50:44",
            "type": "cvssex",
            "slug": "birth_gender",
            "name": "gender"
        }
    },
    {
        "pk": 190,
        "model": "eav.attribute",
        "fields": {
            "description": "Green",
            "created": "2011-10-02 11:52:40",
            "datatype": "int",
            "enum_group": null,
            "required": false,
            "site": 1,
            "modified": "2011-10-02 11:52:40",
            "type": "int",
            "slug": "com_muac_green",
            "name": "Green"
        }
    },
    {
        "pk": 180,
        "model": "eav.attribute",
        "fields": {
            "description": "Green dispensed",
            "created": "2011-10-02 11:52:39",
            "datatype": "int",
            "enum_group": null,
            "required": false,
            "site": 1,
            "modified": "2011-10-02 11:52:39",
            "type": "int",
            "slug": "act_green_disp",
            "name": "Green dispensed"
        }
    },
    {
        "pk": 181,
        "model": "eav.attribute",
        "fields": {
            "description": "Green stock",
            "created": "2011-10-02 11:52:39",
            "datatype": "int",
            "enum_group": null,
            "required": false,
            "site": 1,
            "modified": "2011-10-02 11:52:39",
            "type": "int",
            "slug": "act_green_balance",
            "name": "Green stock"
        }
    },
    {
        "pk": 65,
        "model": "eav.attribute",
        "fields": {
            "description": "Occurence of oedema (T/F)",
            "created": "2011-02-16 06:50:43",
            "datatype": "text",
            "enum_group": null,
            "required": false,
            "site": 1,
            "modified": "2011-02-16 06:50:43",
            "type": "cvsodema",
            "slug": "muac_ignored",
            "name": "ignored"
        }
    },
    {
        "pk": 92,
        "model": "eav.attribute",
        "fields": {
            "description": "Your name",
            "created": "2011-02-16 06:50:44",
            "datatype": "text",
            "enum_group": null,
            "required": false,
            "site": 1,
            "modified": "2011-02-16 06:50:44",
            "type": "text",
            "slug": "reg_name",
            "name": "name"
        }
    },
    {
        "pk": 69,
        "model": "eav.attribute",
        "fields": {
            "description": "The name of the child born",
            "created": "2011-02-16 06:50:44",
            "datatype": "text",
            "enum_group": null,
            "required": false,
            "site": 1,
            "modified": "2011-02-16 06:50:44",
            "type": "text",
            "slug": "birth_name",
            "name": "name"
        }
    },
    {
        "pk": 81,
        "model": "eav.attribute",
        "fields": {
            "description": "Neonatal Tetanus",
            "created": "2011-02-16 06:50:44",
            "datatype": "int",
            "enum_group": null,
            "required": false,
            "site": 1,
            "modified": "2011-03-02 14:31:51",
            "type": "int",
            "slug": "epi_nt",
            "name": "Neonatal Tetanus"
        }
    },
    {
        "pk": 191,
        "model": "eav.attribute",
        "fields": {
            "description": "new admissions",
            "created": "2011-10-02 11:52:40",
            "datatype": "int",
            "enum_group": null,
            "required": false,
            "site": 1,
            "modified": "2011-10-02 11:52:40",
            "type": "int",
            "slug": "mal_total_new",
            "name": "new admissions"
        }
    },
    {
        "pk": 187,
        "model": "eav.attribute",
        "fields": {
            "description": "OE",
            "created": "2011-10-02 11:52:40",
            "datatype": "int",
            "enum_group": null,
            "required": false,
            "site": 1,
            "modified": "2011-10-02 11:52:40",
            "type": "int",
            "slug": "com_bi_od",
            "name": "OE"
        }
    },
    {
        "pk": 182,
        "model": "eav.attribute",
        "fields": {
            "description": "Other ACT dispensed",
            "created": "2011-10-02 11:52:39",
            "datatype": "int",
            "enum_group": null,
            "required": false,
            "site": 1,
            "modified": "2011-10-02 11:52:39",
            "type": "int",
            "slug": "act_other_disp",
            "name": "Other ACT dispensed"
        }
    },
    {
        "pk": 183,
        "model": "eav.attribute",
        "fields": {
            "description": "Other ACT stock",
            "created": "2011-10-02 11:52:39",
            "datatype": "int",
            "enum_group": null,
            "required": false,
            "site": 1,
            "modified": "2011-10-02 11:52:39",
            "type": "int",
            "slug": "act_other_balance",
            "name": "Other ACT stock"
        }
    },
    {
        "pk": 71,
        "model": "eav.attribute",
        "fields": {
            "description": "At home or at a health facility",
            "created": "2011-02-16 06:50:44",
            "datatype": "text",
            "enum_group": null,
            "required": false,
            "site": 1,
            "modified": "2011-02-16 06:50:44",
            "type": "cvsloc",
            "slug": "birth_place",
            "name": "place"
        }
    },
    {
        "pk": 188,
        "model": "eav.attribute",
        "fields": {
            "description": "Red",
            "created": "2011-10-02 11:52:40",
            "datatype": "int",
            "enum_group": null,
            "required": false,
            "site": 1,
            "modified": "2011-10-02 11:52:40",
            "type": "int",
            "slug": "com_muac_red",
            "name": "Red"
        }
    },
    {
        "pk": 198,
        "model": "eav.attribute",
        "fields": {
            "description": "RUTF Balance",
            "created": "2011-10-02 11:52:40",
            "datatype": "int",
            "enum_group": null,
            "required": false,
            "site": 1,
            "modified": "2011-10-02 11:52:40",
            "type": "int",
            "slug": "rutf_closing_rutf_stock",
            "name": "RUTF Balance"
        }
    },
    {
        "pk": 197,
        "model": "eav.attribute",
        "fields": {
            "description": "RUTF New",
            "created": "2011-10-02 11:52:40",
            "datatype": "int",
            "enum_group": null,
            "required": false,
            "site": 1,
            "modified": "2011-10-02 11:52:40",
            "type": "int",
            "slug": "rutf_new_rutf_stock",
            "name": "RUTF New"
        }
    },
    {
        "pk": 194,
        "model": "eav.attribute",
        "fields": {
            "description": "total admissions",
            "created": "2011-10-02 11:52:40",
            "datatype": "int",
            "enum_group": null,
            "required": false,
            "site": 1,
            "modified": "2011-10-02 11:52:40",
            "type": "int",
            "slug": "mal_total_admissions",
            "name": "total admissions"
        }
    },
    {
        "pk": 87,
        "model": "eav.attribute",
        "fields": {
            "description": "Total Homesteads Visited",
            "created": "2011-02-16 06:50:44",
            "datatype": "int",
            "enum_group": null,
            "required": false,
            "site": 1,
            "modified": "2011-03-02 14:31:51",
            "type": "int",
            "slug": "home_to",
            "name": "Total Homesteads Visited"
        }
    },
    {
        "pk": 74,
        "model": "eav.attribute",
        "fields": {
            "description": "Tuberculosis",
            "created": "2011-02-16 06:50:44",
            "datatype": "int",
            "enum_group": null,
            "required": false,
            "site": 1,
            "modified": "2011-03-02 14:31:51",
            "type": "int",
            "slug": "epi_tb",
            "name": "Tuberculosis"
        }
    },
    {
        "pk": 189,
        "model": "eav.attribute",
        "fields": {
            "description": "Yel",
            "created": "2011-10-02 11:52:40",
            "datatype": "int",
            "enum_group": null,
            "required": false,
            "site": 1,
            "modified": "2011-10-02 11:52:40",
            "type": "int",
            "slug": "com_muac_yellow",
            "name": "Yel"
        }
    },
    {
        "pk": 174,
        "model": "eav.attribute",
        "fields": {
            "description": "Yellow dispensed",
            "created": "2011-10-02 11:52:39",
            "datatype": "int",
            "enum_group": null,
            "required": false,
            "site": 1,
            "modified": "2011-10-02 11:52:39",
            "type": "int",
            "slug": "act_yellow_disp",
            "name": "Yellow dispensed"
        }
    },
    {
        "pk": 175,
        "model": "eav.attribute",
        "fields": {
            "description": "Yellow stock",
            "created": "2011-10-02 11:52:39",
            "datatype": "int",
            "enum_group": null,
            "required": false,
            "site": 1,
            "modified": "2011-10-02 11:52:39",
            "type": "int",
            "slug": "act_yellow_balance",
            "name": "Yellow stock"
        }
    },
    {
        "pk": 91,
        "model": "auth.group",
        "fields": {
            "name": "Village Health Team",
            "permissions": []
        }
    },
    {
        "pk": 92,
        "model": "auth.group",
        "fields": {
            "name": "Peer Village Health Team",
            "permissions": []
        }
    },
    {
        "pk": 93,
        "model": "auth.group",
        "fields": {
            "name": "Health Nutrition Officer",
            "permissions": []
        }
    },
    {
        "pk": 94,
        "model": "auth.group",
        "fields": {
            "name": "Health Surveillance Officer",
            "permissions": []
        }
    },
    {
        "pk": 95,
        "model": "auth.group",
        "fields": {
            "name": "MAP Trained",
            "permissions": []
        }
    },
    {
        "pk": 124,
        "model": "auth.group",
        "fields": {
            "name": "VHT",
            "permissions": []
        }
    },
    {
        "pk": 125,
        "model": "auth.group",
        "fields": {
            "name": "PVHT",
            "permissions": []
        }
    },
    {
        "pk": 126,
        "model": "auth.group",
        "fields": {
            "name": "HC",
            "permissions": []
        }
    },
    {
        "pk": 127,
        "model": "auth.group",
        "fields": {
            "name": "HF",
            "permissions": []
        }
    },
    {
        "pk": 128,
        "model": "auth.group",
        "fields": {
            "name": "DHT",
            "permissions": []
        }
    },
    {
        "pk": 129,
        "model": "auth.group",
        "fields": {
            "name": "DHO",
            "permissions": []
        }
    },
    {
        "pk": 130,
        "model": "auth.group",
        "fields": {
            "name": "Other CVS Reporters",
            "permissions": []
        }
    },
    {
        "pk": 6,
        "model": "rapidsms_xforms.xform",
        "fields": {
            "name": "Inpatient Treatment Report",
            "keyword": "itp",
            "created": "2011-02-16 06:50:43",
            "restrict_message": null,
            "modified": "2011-02-16 06:50:43",
            "site": 1,
            "owner": 1,
            "separator": ",",
            "restrict_to": [],
            "active": true,
            "command_prefix": "",
            "response": "",
            "keyword_prefix": "+",
            "description": "Health Center report of an inpatient treatment"
        }
    },
    {
        "pk": 7,
        "model": "rapidsms_xforms.xform",
        "fields": {
            "name": "Outpatient Treatment Report",
            "keyword": "otp",
            "created": "2011-02-16 06:50:43",
            "restrict_message": null,
            "modified": "2011-02-16 06:50:43",
            "site": 1,
            "owner": 1,
            "separator": ",",
            "restrict_to": [],
            "active": true,
            "command_prefix": "",
            "response": "",
            "keyword_prefix": "+",
            "description": "Health Center report of an outpatient treatment"
        }
    },
    {
        "pk": 8,
        "model": "rapidsms_xforms.xform",
        "fields": {
            "name": "Cure Treatment Report",
            "keyword": "cure",
            "created": "2011-02-16 06:50:43",
            "restrict_message": null,
            "modified": "2011-02-16 06:50:43",
            "site": 1,
            "owner": 1,
            "separator": ",",
            "restrict_to": [],
            "active": true,
            "command_prefix": "",
            "response": "",
            "keyword_prefix": "+",
            "description": "Health Center report of patient cure"
        }
    },
    {
        "pk": 9,
        "model": "rapidsms_xforms.xform",
        "fields": {
            "name": "Registration",
            "keyword": "reg",
            "created": "2011-02-16 06:50:43",
            "restrict_message": null,
            "modified": "2011-02-16 06:50:43",
            "site": 1,
            "owner": 1,
            "separator": ",",
            "restrict_to": [],
            "active": true,
            "command_prefix": "",
            "response": "",
            "keyword_prefix": "+",
            "description": "Registers a reporter with their name"
        }
    },
    {
        "pk": 10,
        "model": "rapidsms_xforms.xform",
        "fields": {
            "name": "PVHT Signup",
            "keyword": "pvht",
            "created": "2011-02-16 06:50:43",
            "restrict_message": null,
            "modified": "2011-02-16 06:50:43",
            "site": 1,
            "owner": 1,
            "separator": ",",
            "restrict_to": [],
            "active": true,
            "command_prefix": "",
            "response": "",
            "keyword_prefix": "+",
            "description": "Registers a PVHT with their facility"
        }
    },
    {
        "pk": 11,
        "model": "rapidsms_xforms.xform",
        "fields": {
            "name": "VHT Signup",
            "keyword": "vht",
            "created": "2011-02-16 06:50:43",
            "restrict_message": null,
            "modified": "2011-02-16 06:50:43",
            "site": 1,
            "owner": 1,
            "separator": ",",
            "restrict_to": [],
            "active": true,
            "command_prefix": "",
            "response": "",
            "keyword_prefix": "+",
            "description": "Registers a VHT with their facility"
        }
    },
    {
        "pk": 2,
        "model": "rapidsms_xforms.xform",
        "fields": {
            "name": "Home Report",
            "keyword": "home",
            "created": "2011-02-16 06:50:43",
            "restrict_message": null,
            "modified": "2011-03-02 14:31:17",
            "site": 1,
            "owner": 1,
            "separator": ",;:*.\\s\"",
            "restrict_to": [],
            "active": true,
            "command_prefix": "",
            "response": "",
            "keyword_prefix": "+",
            "description": "Monthly-submitted PVHT home visitation reports"
        }
    },
    {
        "pk": 4,
        "model": "rapidsms_xforms.xform",
        "fields": {
            "name": "Birth Report",
            "keyword": "birth",
            "created": "2011-02-16 06:50:43",
            "restrict_message": null,
            "modified": "2011-03-04 09:37:07",
            "site": 1,
            "owner": 1,
            "separator": ",;:*.\"",
            "restrict_to": [],
            "active": true,
            "command_prefix": "",
            "response": "",
            "keyword_prefix": "+",
            "description": "VHT report of a birth"
        }
    },
    {
        "pk": 3,
        "model": "rapidsms_xforms.xform",
        "fields": {
            "name": "Malnu Report",
            "keyword": "muac",
            "created": "2011-02-16 06:50:43",
            "restrict_message": null,
            "modified": "2011-03-04 09:37:30",
            "site": 1,
            "owner": 1,
            "separator": ",;:*.\"",
            "restrict_to": [],
            "active": true,
            "command_prefix": "",
            "response": "",
            "keyword_prefix": "+",
            "description": "VHT report of child malnutrition"
        }
    },
    {
        "pk": 5,
        "model": "rapidsms_xforms.xform",
        "fields": {
            "name": "Death Report",
            "keyword": "death",
            "created": "2011-02-16 06:50:43",
            "restrict_message": null,
            "modified": "2011-03-04 09:37:30",
            "site": 1,
            "owner": 1,
            "separator": ",;:*.\"",
            "restrict_to": [],
            "active": true,
            "command_prefix": "",
            "response": "",
            "keyword_prefix": "+",
            "description": "VHT report of a death"
        }
    },
    {
        "pk": 29,
        "model": "rapidsms_xforms.xform",
        "fields": {
            "name": "VHT Report",
            "keyword": "com",
            "created": "2011-10-02 11:52:39",
            "restrict_message": null,
            "modified": "2011-10-02 11:52:39",
            "site": 1,
            "owner": 1,
            "separator": ",;:*.\\s\"",
            "restrict_to": [],
            "active": true,
            "command_prefix": "",
            "response": "",
            "keyword_prefix": "",
            "description": "Routine VHT Report of weekly aggregate indicators"
        }
    },
    {
        "pk": 30,
        "model": "rapidsms_xforms.xform",
        "fields": {
            "name": "ITP/OTP Treatment Report",
            "keyword": "mal",
            "created": "2011-10-02 11:52:39",
            "restrict_message": null,
            "modified": "2011-10-02 11:52:39",
            "site": 1,
            "owner": 1,
            "separator": ",;:*.\\s\"",
            "restrict_to": [],
            "active": true,
            "command_prefix": "",
            "response": "",
            "keyword_prefix": "",
            "description": "Routine HC report of weekly itp/otp treatments"
        }
    },
    {
        "pk": 31,
        "model": "rapidsms_xforms.xform",
        "fields": {
            "name": "OTC/ITC Stock Report",
            "keyword": "rutf",
            "created": "2011-10-02 11:52:39",
            "restrict_message": null,
            "modified": "2011-10-02 11:52:39",
            "site": 1,
            "owner": 1,
            "separator": ",;:*.\\s\"",
            "restrict_to": [],
            "active": true,
            "command_prefix": "",
            "response": "",
            "keyword_prefix": "",
            "description": "Routine HC report of weekly otc/itc stock reports"
        }
    },
    {
        "pk": 32,
        "model": "rapidsms_xforms.xform",
        "fields": {
            "name": "ACT Stock Report",
            "keyword": "act",
            "created": "2011-10-02 11:52:39",
            "restrict_message": null,
            "modified": "2011-10-02 11:52:39",
            "site": 1,
            "owner": 1,
            "separator": ",;:*.\\s\"",
            "restrict_to": [],
            "active": true,
            "command_prefix": "",
            "response": "",
            "keyword_prefix": "",
            "description": "Routine report of ACT stock"
        }
    },
    {
        "pk": 1,
        "model": "rapidsms_xforms.xform",
        "fields": {
            "name": "Epi Report",
            "keyword": "epi",
            "created": "2011-02-16 06:50:43",
            "restrict_message": null,
            "modified": "2011-10-03 15:30:43",
            "site": 1,
            "owner": 1,
            "separator": ",;:*.\\s\"",
            "restrict_to": [],
            "active": true,
            "command_prefix": "",
            "response": "",
            "keyword_prefix": "",
            "description": "Weekly-submitted VHT epidemiological reports"
        }
    },
    {
        "pk": 61,
        "model": "rapidsms_xforms.xformfield",
        "fields": {
            "field_type": "text",
            "question": null,
            "command": "name",
            "order": 0,
            "xform": 3
        }
    },
    {
        "pk": 66,
        "model": "rapidsms_xforms.xformfield",
        "fields": {
            "field_type": "text",
            "question": null,
            "command": "name",
            "order": 0,
            "xform": 5
        }
    },
    {
        "pk": 69,
        "model": "rapidsms_xforms.xformfield",
        "fields": {
            "field_type": "text",
            "question": null,
            "command": "name",
            "order": 0,
            "xform": 4
        }
    },
    {
        "pk": 72,
        "model": "rapidsms_xforms.xformfield",
        "fields": {
            "field_type": "int",
            "question": null,
            "command": "bd",
            "order": 0,
            "xform": 1
        }
    },
    {
        "pk": 87,
        "model": "rapidsms_xforms.xformfield",
        "fields": {
            "field_type": "int",
            "question": null,
            "command": "to",
            "order": 0,
            "xform": 2
        }
    },
    {
        "pk": 92,
        "model": "rapidsms_xforms.xformfield",
        "fields": {
            "field_type": "text",
            "question": null,
            "command": "name",
            "order": 0,
            "xform": 9
        }
    },
    {
        "pk": 93,
        "model": "rapidsms_xforms.xformfield",
        "fields": {
            "field_type": "facility",
            "question": null,
            "command": "facility",
            "order": 0,
            "xform": 10
        }
    },
    {
        "pk": 94,
        "model": "rapidsms_xforms.xformfield",
        "fields": {
            "field_type": "facility",
            "question": null,
            "command": "facility",
            "order": 0,
            "xform": 11
        }
    },
    {
        "pk": 174,
        "model": "rapidsms_xforms.xformfield",
        "fields": {
            "field_type": "int",
            "question": null,
            "command": "yellow_disp",
            "order": 0,
            "xform": 32
        }
    },
    {
        "pk": 184,
        "model": "rapidsms_xforms.xformfield",
        "fields": {
            "field_type": "int",
            "question": null,
            "command": "fever",
            "order": 0,
            "xform": 29
        }
    },
    {
        "pk": 191,
        "model": "rapidsms_xforms.xformfield",
        "fields": {
            "field_type": "int",
            "question": null,
            "command": "total_new",
            "order": 0,
            "xform": 30
        }
    },
    {
        "pk": 195,
        "model": "rapidsms_xforms.xformfield",
        "fields": {
            "field_type": "int",
            "question": null,
            "command": "new_f75_stock",
            "order": 0,
            "xform": 31
        }
    },
    {
        "pk": 62,
        "model": "rapidsms_xforms.xformfield",
        "fields": {
            "field_type": "cvssex",
            "question": null,
            "command": "gender",
            "order": 1,
            "xform": 3
        }
    },
    {
        "pk": 67,
        "model": "rapidsms_xforms.xformfield",
        "fields": {
            "field_type": "cvssex",
            "question": null,
            "command": "gender",
            "order": 1,
            "xform": 5
        }
    },
    {
        "pk": 70,
        "model": "rapidsms_xforms.xformfield",
        "fields": {
            "field_type": "cvssex",
            "question": null,
            "command": "gender",
            "order": 1,
            "xform": 4
        }
    },
    {
        "pk": 73,
        "model": "rapidsms_xforms.xformfield",
        "fields": {
            "field_type": "int",
            "question": null,
            "command": "ma",
            "order": 1,
            "xform": 1
        }
    },
    {
        "pk": 88,
        "model": "rapidsms_xforms.xformfield",
        "fields": {
            "field_type": "int",
            "question": null,
            "command": "it",
            "order": 1,
            "xform": 2
        }
    },
    {
        "pk": 175,
        "model": "rapidsms_xforms.xformfield",
        "fields": {
            "field_type": "int",
            "question": null,
            "command": "yellow_balance",
            "order": 1,
            "xform": 32
        }
    },
    {
        "pk": 185,
        "model": "rapidsms_xforms.xformfield",
        "fields": {
            "field_type": "int",
            "question": null,
            "command": "diarrhea",
            "order": 1,
            "xform": 29
        }
    },
    {
        "pk": 192,
        "model": "rapidsms_xforms.xformfield",
        "fields": {
            "field_type": "int",
            "question": null,
            "command": "total_death",
            "order": 1,
            "xform": 30
        }
    },
    {
        "pk": 196,
        "model": "rapidsms_xforms.xformfield",
        "fields": {
            "field_type": "int",
            "question": null,
            "command": "closing_f75_stock",
            "order": 1,
            "xform": 31
        }
    },
    {
        "pk": 63,
        "model": "rapidsms_xforms.xformfield",
        "fields": {
            "field_type": "cvstdelt",
            "question": null,
            "command": "age",
            "order": 2,
            "xform": 3
        }
    },
    {
        "pk": 68,
        "model": "rapidsms_xforms.xformfield",
        "fields": {
            "field_type": "cvstdelt",
            "question": null,
            "command": "age",
            "order": 2,
            "xform": 5
        }
    },
    {
        "pk": 71,
        "model": "rapidsms_xforms.xformfield",
        "fields": {
            "field_type": "cvsloc",
            "question": null,
            "command": "place",
            "order": 2,
            "xform": 4
        }
    },
    {
        "pk": 74,
        "model": "rapidsms_xforms.xformfield",
        "fields": {
            "field_type": "int",
            "question": null,
            "command": "tb",
            "order": 2,
            "xform": 1
        }
    },
    {
        "pk": 89,
        "model": "rapidsms_xforms.xformfield",
        "fields": {
            "field_type": "int",
            "question": null,
            "command": "la",
            "order": 2,
            "xform": 2
        }
    },
    {
        "pk": 176,
        "model": "rapidsms_xforms.xformfield",
        "fields": {
            "field_type": "int",
            "question": null,
            "command": "blue_disp",
            "order": 2,
            "xform": 32
        }
    },
    {
        "pk": 186,
        "model": "rapidsms_xforms.xformfield",
        "fields": {
            "field_type": "int",
            "question": null,
            "command": "death",
            "order": 2,
            "xform": 29
        }
    },
    {
        "pk": 193,
        "model": "rapidsms_xforms.xformfield",
        "fields": {
            "field_type": "int",
            "question": null,
            "command": "total_default",
            "order": 2,
            "xform": 30
        }
    },
    {
        "pk": 197,
        "model": "rapidsms_xforms.xformfield",
        "fields": {
            "field_type": "int",
            "question": null,
            "command": "new_rutf_stock",
            "order": 2,
            "xform": 31
        }
    },
    {
        "pk": 64,
        "model": "rapidsms_xforms.xformfield",
        "fields": {
            "field_type": "cvsmuacr",
            "question": null,
            "command": "category",
            "order": 3,
            "xform": 3
        }
    },
    {
        "pk": 75,
        "model": "rapidsms_xforms.xformfield",
        "fields": {
            "field_type": "int",
            "question": null,
            "command": "ab",
            "order": 3,
            "xform": 1
        }
    },
    {
        "pk": 90,
        "model": "rapidsms_xforms.xformfield",
        "fields": {
            "field_type": "int",
            "question": null,
            "command": "ha",
            "order": 3,
            "xform": 2
        }
    },
    {
        "pk": 177,
        "model": "rapidsms_xforms.xformfield",
        "fields": {
            "field_type": "int",
            "question": null,
            "command": "blue_balance",
            "order": 3,
            "xform": 32
        }
    },
    {
        "pk": 187,
        "model": "rapidsms_xforms.xformfield",
        "fields": {
            "field_type": "int",
            "question": null,
            "command": "bi_od",
            "order": 3,
            "xform": 29
        }
    },
    {
        "pk": 194,
        "model": "rapidsms_xforms.xformfield",
        "fields": {
            "field_type": "int",
            "question": null,
            "command": "total_admissions",
            "order": 3,
            "xform": 30
        }
    },
    {
        "pk": 198,
        "model": "rapidsms_xforms.xformfield",
        "fields": {
            "field_type": "int",
            "question": null,
            "command": "closing_rutf_stock",
            "order": 3,
            "xform": 31
        }
    },
    {
        "pk": 65,
        "model": "rapidsms_xforms.xformfield",
        "fields": {
            "field_type": "cvsodema",
            "question": null,
            "command": "ignored",
            "order": 4,
            "xform": 3
        }
    },
    {
        "pk": 76,
        "model": "rapidsms_xforms.xformfield",
        "fields": {
            "field_type": "int",
            "question": null,
            "command": "af",
            "order": 4,
            "xform": 1
        }
    },
    {
        "pk": 91,
        "model": "rapidsms_xforms.xformfield",
        "fields": {
            "field_type": "int",
            "question": null,
            "command": "wa",
            "order": 4,
            "xform": 2
        }
    },
    {
        "pk": 178,
        "model": "rapidsms_xforms.xformfield",
        "fields": {
            "field_type": "int",
            "question": null,
            "command": "brown_disp",
            "order": 4,
            "xform": 32
        }
    },
    {
        "pk": 188,
        "model": "rapidsms_xforms.xformfield",
        "fields": {
            "field_type": "int",
            "question": null,
            "command": "muac_red",
            "order": 4,
            "xform": 29
        }
    },
    {
        "pk": 77,
        "model": "rapidsms_xforms.xformfield",
        "fields": {
            "field_type": "int",
            "question": null,
            "command": "mg",
            "order": 5,
            "xform": 1
        }
    },
    {
        "pk": 179,
        "model": "rapidsms_xforms.xformfield",
        "fields": {
            "field_type": "int",
            "question": null,
            "command": "brown_balance",
            "order": 5,
            "xform": 32
        }
    },
    {
        "pk": 189,
        "model": "rapidsms_xforms.xformfield",
        "fields": {
            "field_type": "int",
            "question": null,
            "command": "muac_yellow",
            "order": 5,
            "xform": 29
        }
    },
    {
        "pk": 78,
        "model": "rapidsms_xforms.xformfield",
        "fields": {
            "field_type": "int",
            "question": null,
            "command": "me",
            "order": 6,
            "xform": 1
        }
    },
    {
        "pk": 180,
        "model": "rapidsms_xforms.xformfield",
        "fields": {
            "field_type": "int",
            "question": null,
            "command": "green_disp",
            "order": 6,
            "xform": 32
        }
    },
    {
        "pk": 190,
        "model": "rapidsms_xforms.xformfield",
        "fields": {
            "field_type": "int",
            "question": null,
            "command": "muac_green",
            "order": 6,
            "xform": 29
        }
    },
    {
        "pk": 79,
        "model": "rapidsms_xforms.xformfield",
        "fields": {
            "field_type": "int",
            "question": null,
            "command": "ch",
            "order": 7,
            "xform": 1
        }
    },
    {
        "pk": 181,
        "model": "rapidsms_xforms.xformfield",
        "fields": {
            "field_type": "int",
            "question": null,
            "command": "green_balance",
            "order": 7,
            "xform": 32
        }
    },
    {
        "pk": 80,
        "model": "rapidsms_xforms.xformfield",
        "fields": {
            "field_type": "int",
            "question": null,
            "command": "gw",
            "order": 8,
            "xform": 1
        }
    },
    {
        "pk": 182,
        "model": "rapidsms_xforms.xformfield",
        "fields": {
            "field_type": "int",
            "question": null,
            "command": "other_disp",
            "order": 8,
            "xform": 32
        }
    },
    {
        "pk": 81,
        "model": "rapidsms_xforms.xformfield",
        "fields": {
            "field_type": "int",
            "question": null,
            "command": "nt",
            "order": 9,
            "xform": 1
        }
    },
    {
        "pk": 183,
        "model": "rapidsms_xforms.xformfield",
        "fields": {
            "field_type": "int",
            "question": null,
            "command": "other_balance",
            "order": 9,
            "xform": 32
        }
    },
    {
        "pk": 82,
        "model": "rapidsms_xforms.xformfield",
        "fields": {
            "field_type": "int",
            "question": null,
            "command": "yf",
            "order": 10,
            "xform": 1
        }
    },
    {
        "pk": 83,
        "model": "rapidsms_xforms.xformfield",
        "fields": {
            "field_type": "int",
            "question": null,
            "command": "pl",
            "order": 11,
            "xform": 1
        }
    },
    {
        "pk": 84,
        "model": "rapidsms_xforms.xformfield",
        "fields": {
            "field_type": "int",
            "question": null,
            "command": "ra",
            "order": 12,
            "xform": 1
        }
    },
    {
        "pk": 85,
        "model": "rapidsms_xforms.xformfield",
        "fields": {
            "field_type": "int",
            "question": null,
            "command": "vf",
            "order": 13,
            "xform": 1
        }
    },
    {
        "pk": 86,
        "model": "rapidsms_xforms.xformfield",
        "fields": {
            "field_type": "int",
            "question": null,
            "command": "ei",
            "order": 14,
            "xform": 1
        }
    },
    {
        "pk": 1,
        "model": "rapidsms_xforms.xformfieldconstraint",
        "fields": {
            "test": null,
            "field": 61,
            "message": "Expected The name of the malnourished patient, none provided.",
            "type": "req_val",
            "order": 1000
        }
    },
    {
        "pk": 2,
        "model": "rapidsms_xforms.xformfieldconstraint",
        "fields": {
            "test": null,
            "field": 62,
            "message": "Expected The gender of the malnourished patient, none provided.",
            "type": "req_val",
            "order": 1000
        }
    },
    {
        "pk": 3,
        "model": "rapidsms_xforms.xformfieldconstraint",
        "fields": {
            "test": null,
            "field": 63,
            "message": "Expected The age of the malnurished patient, none provided.",
            "type": "req_val",
            "order": 1000
        }
    },
    {
        "pk": 4,
        "model": "rapidsms_xforms.xformfieldconstraint",
        "fields": {
            "test": null,
            "field": 64,
            "message": "Expected Red, yellow, or green case of malnutrition, none provided.",
            "type": "req_val",
            "order": 1000
        }
    },
    {
        "pk": 5,
        "model": "rapidsms_xforms.xformfieldconstraint",
        "fields": {
            "test": null,
            "field": 66,
            "message": "Expected The name of the person who has died, none provided.",
            "type": "req_val",
            "order": 1000
        }
    },
    {
        "pk": 6,
        "model": "rapidsms_xforms.xformfieldconstraint",
        "fields": {
            "test": null,
            "field": 67,
            "message": "Expected The gender of the person who has died, none provided.",
            "type": "req_val",
            "order": 1000
        }
    },
    {
        "pk": 7,
        "model": "rapidsms_xforms.xformfieldconstraint",
        "fields": {
            "test": null,
            "field": 68,
            "message": "Expected The age of the person who has died, none provided.",
            "type": "req_val",
            "order": 1000
        }
    },
    {
        "pk": 8,
        "model": "rapidsms_xforms.xformfieldconstraint",
        "fields": {
            "test": null,
            "field": 69,
            "message": "Expected The name of the child born, none provided.",
            "type": "req_val",
            "order": 1000
        }
    },
    {
        "pk": 9,
        "model": "rapidsms_xforms.xformfieldconstraint",
        "fields": {
            "test": null,
            "field": 70,
            "message": "Expected The gender of the child born, none provided.",
            "type": "req_val",
            "order": 1000
        }
    },
    {
        "pk": 10,
        "model": "rapidsms_xforms.xformfieldconstraint",
        "fields": {
            "test": null,
            "field": 71,
            "message": "Expected At home or at a health facility, none provided.",
            "type": "req_val",
            "order": 1000
        }
    },
    {
        "pk": 11,
        "model": "rapidsms_xforms.xformfieldconstraint",
        "fields": {
            "test": null,
            "field": 92,
            "message": "Expected Your name, none provided.",
            "type": "req_val",
            "order": 1000
        }
    },
    {
        "pk": 12,
        "model": "rapidsms_xforms.xformfieldconstraint",
        "fields": {
            "test": null,
            "field": 93,
            "message": "Expected Your facility code, none provided.",
            "type": "req_val",
            "order": 1000
        }
    },
    {
        "pk": 13,
        "model": "rapidsms_xforms.xformfieldconstraint",
        "fields": {
            "test": null,
            "field": 94,
            "message": "Expected Your facility code, none provided.",
            "type": "req_val",
            "order": 1000
        }
    },
    {
        "pk": 86,
        "model": "rapidsms_xforms.xformfieldconstraint",
        "fields": {
            "test": null,
            "field": 174,
            "message": "Expected Yellow dispensed, none provided.",
            "type": "req_val",
            "order": 1000
        }
    },
    {
        "pk": 87,
        "model": "rapidsms_xforms.xformfieldconstraint",
        "fields": {
            "test": null,
            "field": 175,
            "message": "Expected Yellow stock, none provided.",
            "type": "req_val",
            "order": 1000
        }
    },
    {
        "pk": 88,
        "model": "rapidsms_xforms.xformfieldconstraint",
        "fields": {
            "test": null,
            "field": 176,
            "message": "Expected Blue dispensed, none provided.",
            "type": "req_val",
            "order": 1000
        }
    },
    {
        "pk": 89,
        "model": "rapidsms_xforms.xformfieldconstraint",
        "fields": {
            "test": null,
            "field": 177,
            "message": "Expected Blue stock, none provided.",
            "type": "req_val",
            "order": 1000
        }
    },
    {
        "pk": 90,
        "model": "rapidsms_xforms.xformfieldconstraint",
        "fields": {
            "test": null,
            "field": 178,
            "message": "Expected Brown dispensed, none provided.",
            "type": "req_val",
            "order": 1000
        }
    },
    {
        "pk": 91,
        "model": "rapidsms_xforms.xformfieldconstraint",
        "fields": {
            "test": null,
            "field": 179,
            "message": "Expected Brown stock, none provided.",
            "type": "req_val",
            "order": 1000
        }
    },
    {
        "pk": 92,
        "model": "rapidsms_xforms.xformfieldconstraint",
        "fields": {
            "test": null,
            "field": 180,
            "message": "Expected Green dispensed, none provided.",
            "type": "req_val",
            "order": 1000
        }
    },
    {
        "pk": 93,
        "model": "rapidsms_xforms.xformfieldconstraint",
        "fields": {
            "test": null,
            "field": 181,
            "message": "Expected Green stock, none provided.",
            "type": "req_val",
            "order": 1000
        }
    },
    {
        "pk": 94,
        "model": "rapidsms_xforms.xformfieldconstraint",
        "fields": {
            "test": null,
            "field": 182,
            "message": "Expected Other ACT dispensed, none provided.",
            "type": "req_val",
            "order": 1000
        }
    },
    {
        "pk": 95,
        "model": "rapidsms_xforms.xformfieldconstraint",
        "fields": {
            "test": null,
            "field": 183,
            "message": "Expected Other ACT stock, none provided.",
            "type": "req_val",
            "order": 1000
        }
    },
    {
        "pk": 96,
        "model": "rapidsms_xforms.xformfieldconstraint",
        "fields": {
            "test": null,
            "field": 184,
            "message": "Expected fever, none provided.",
            "type": "req_val",
            "order": 1000
        }
    },
    {
        "pk": 97,
        "model": "rapidsms_xforms.xformfieldconstraint",
        "fields": {
            "test": null,
            "field": 185,
            "message": "Expected diarrhea, none provided.",
            "type": "req_val",
            "order": 1000
        }
    },
    {
        "pk": 98,
        "model": "rapidsms_xforms.xformfieldconstraint",
        "fields": {
            "test": null,
            "field": 186,
            "message": "Expected deaths, none provided.",
            "type": "req_val",
            "order": 1000
        }
    },
    {
        "pk": 99,
        "model": "rapidsms_xforms.xformfieldconstraint",
        "fields": {
            "test": null,
            "field": 187,
            "message": "Expected OE, none provided.",
            "type": "req_val",
            "order": 1000
        }
    },
    {
        "pk": 100,
        "model": "rapidsms_xforms.xformfieldconstraint",
        "fields": {
            "test": null,
            "field": 188,
            "message": "Expected Red, none provided.",
            "type": "req_val",
            "order": 1000
        }
    },
    {
        "pk": 101,
        "model": "rapidsms_xforms.xformfieldconstraint",
        "fields": {
            "test": null,
            "field": 189,
            "message": "Expected Yel, none provided.",
            "type": "req_val",
            "order": 1000
        }
    },
    {
        "pk": 102,
        "model": "rapidsms_xforms.xformfieldconstraint",
        "fields": {
            "test": null,
            "field": 190,
            "message": "Expected Green, none provided.",
            "type": "req_val",
            "order": 1000
        }
    },
    {
        "pk": 103,
        "model": "rapidsms_xforms.xformfieldconstraint",
        "fields": {
            "test": null,
            "field": 191,
            "message": "Expected new admissions, none provided.",
            "type": "req_val",
            "order": 1000
        }
    },
    {
        "pk": 104,
        "model": "rapidsms_xforms.xformfieldconstraint",
        "fields": {
            "test": null,
            "field": 192,
            "message": "Expected deaths, none provided.",
            "type": "req_val",
            "order": 1000
        }
    },
    {
        "pk": 105,
        "model": "rapidsms_xforms.xformfieldconstraint",
        "fields": {
            "test": null,
            "field": 193,
            "message": "Expected defaults, none provided.",
            "type": "req_val",
            "order": 1000
        }
    },
    {
        "pk": 106,
        "model": "rapidsms_xforms.xformfieldconstraint",
        "fields": {
            "test": null,
            "field": 194,
            "message": "Expected total admissions, none provided.",
            "type": "req_val",
            "order": 1000
        }
    },
    {
        "pk": 107,
        "model": "rapidsms_xforms.xformfieldconstraint",
        "fields": {
            "test": null,
            "field": 195,
            "message": "Expected F-75 New, none provided.",
            "type": "req_val",
            "order": 1000
        }
    },
    {
        "pk": 108,
        "model": "rapidsms_xforms.xformfieldconstraint",
        "fields": {
            "test": null,
            "field": 196,
            "message": "Expected F-75 Balance, none provided.",
            "type": "req_val",
            "order": 1000
        }
    },
    {
        "pk": 109,
        "model": "rapidsms_xforms.xformfieldconstraint",
        "fields": {
            "test": null,
            "field": 197,
            "message": "Expected RUTF New, none provided.",
            "type": "req_val",
            "order": 1000
        }
    },
    {
        "pk": 110,
        "model": "rapidsms_xforms.xformfieldconstraint",
        "fields": {
            "test": null,
            "field": 198,
            "message": "Expected RUTF Balance, none provided.",
            "type": "req_val",
            "order": 1000
        }
    },
    {
        "pk": "cvs_autoreg",
        "model": "script.script",
        "fields": {
            "enabled": true,
            "name": "Community Vulnerability Suveillance Script",
            "sites": [
                1
            ]
        }
    },
    {
        "pk": 133,
        "model": "poll.poll",
        "fields": {
            "default_response": "",
            "name": "cvs_role",
            "end_date": null,
            "contacts": [],
            "messages": [],
            "question": "Welcome to RapidSMS, the Ministry of Health's data collection system. What is your role?",
            "sites": [
                1
            ],
            "user": 1,
            "type": "t",
            "start_date": null
        }
    },
    {
        "pk": 188,
        "model": "poll.category",
        "fields": {
            "error_category": false,
            "name": "VHT",
            "color": "",
            "priority": null,
            "default": false,
            "poll": 133,
            "response": null
        }
    },
    {
        "pk": 189,
        "model": "poll.category",
        "fields": {
            "error_category": false,
            "name": "PVHT",
            "color": "",
            "priority": null,
            "default": false,
            "poll": 133,
            "response": null
        }
    },
    {
        "pk": 190,
        "model": "poll.category",
        "fields": {
            "error_category": false,
            "name": "HC",
            "color": "",
            "priority": null,
            "default": false,
            "poll": 133,
            "response": null
        }
    },
    {
        "pk": 191,
        "model": "poll.category",
        "fields": {
            "error_category": false,
            "name": "DHT",
            "color": "",
            "priority": null,
            "default": false,
            "poll": 133,
            "response": null
        }
    },
    {
        "pk": 192,
        "model": "poll.category",
        "fields": {
            "error_category": true,
            "name": "unclear",
            "color": "",
            "priority": null,
            "default": true,
            "poll": 133,
            "response": "We did not understand your answer.  Kindly note that this number is for official use only."
        }
    },
    {
        "pk": 89,
        "model": "script.scriptstep",
        "fields": {
            "script": "cvs_autoreg",
            "retry_offset": 300,
            "rule": "M",
            "email": null,
            "num_tries": 3,
            "start_offset": 0,
            "message": "",
            "poll": 133,
            "order": 0,
            "giveup_offset": 60
        }
    },
    {
        "pk": 134,
        "model": "poll.poll",
        "fields": {
            "default_response": "",
            "name": "cvs_name",
            "end_date": null,
            "contacts": [],
            "messages": [],
            "question": "Please enter only the answers to the questions asked. What is your name?",
            "sites": [
                1
            ],
            "user": 1,
            "type": "t",
            "start_date": null
        }
    },
    {
        "pk": 90,
        "model": "script.scriptstep",
        "fields": {
            "script": "cvs_autoreg",
            "retry_offset": 300,
            "rule": "R",
            "email": null,
            "num_tries": 3,
            "start_offset": 0,
            "message": "",
            "poll": 134,
            "order": 1,
            "giveup_offset": 600
        }
    },
    {
        "pk": 135,
        "model": "poll.poll",
        "fields": {
            "default_response": "",
            "name": "cvs_district",
            "end_date": null,
            "contacts": [],
            "messages": [],
            "question": "What is the name of your District?",
            "sites": [
                1
            ],
            "user": 1,
            "type": "district",
            "start_date": null
        }
    },
    {
        "pk": 91,
        "model": "script.scriptstep",
        "fields": {
            "script": "cvs_autoreg",
            "retry_offset": 300,
            "rule": "M",
            "email": null,
            "num_tries": 3,
            "start_offset": 0,
            "message": "",
            "poll": 135,
            "order": 2,
            "giveup_offset": 600
        }
    },
    {
        "pk": 136,
        "model": "poll.poll",
        "fields": {
            "default_response": "",
            "name": "cvs_healthfacility",
            "end_date": null,
            "contacts": [],
            "messages": [],
            "question": "What is the name of your Health Facility?",
            "sites": [
                1
            ],
            "user": 1,
            "type": "t",
            "start_date": null
        }
    },
    {
        "pk": 92,
        "model": "script.scriptstep",
        "fields": {
            "script": "cvs_autoreg",
            "retry_offset": 300,
            "rule": "R",
            "email": null,
            "num_tries": 3,
            "start_offset": 0,
            "message": "",
            "poll": 136,
            "order": 3,
            "giveup_offset": 600
        }
    },
    {
        "pk": 137,
        "model": "poll.poll",
        "fields": {
            "default_response": "",
            "name": "cvs_village",
            "end_date": null,
            "contacts": [],
            "messages": [],
            "question": "What is the name of your Village?",
            "sites": [
                1
            ],
            "user": 1,
            "type": "t",
            "start_date": null
        }
    },
    {
        "pk": 93,
        "model": "script.scriptstep",
        "fields": {
            "script": "cvs_autoreg",
            "retry_offset": 300,
            "rule": "R",
            "email": null,
            "num_tries": 3,
            "start_offset": 0,
            "message": "",
            "poll": 137,
            "order": 4,
            "giveup_offset": 600
        }
    },
    {
        "pk": 94,
        "model": "script.scriptstep",
        "fields": {
            "script": "cvs_autoreg",
            "retry_offset": null,
            "rule": "w",
            "email": null,
            "num_tries": null,
            "start_offset": 0,
            "message": "Thank you  for registering! You have just entered training mode.",
            "poll": null,
            "order": 6,
            "giveup_offset": 0
        }
    }
]
