[
    {
        "pk": 343, 
        "model": "eav.attribute", 
        "fields": {
            "description": "12 pack on hand", 
            "created": "2011-11-02 10:25:28", 
            "datatype": "int", 
            "enum_group": null, 
            "required": false, 
            "site": 1, 
            "modified": "2011-11-02 10:25:28", 
            "type": null, 
            "slug": "act_tps", 
            "name": "12 pack on hand"
        }
    }, 
    {
        "pk": 342, 
        "model": "eav.attribute", 
        "fields": {
            "description": "12 tabled pack dispensed", 
            "created": "2011-11-02 10:25:28", 
            "datatype": "int", 
            "enum_group": null, 
            "required": false, 
            "site": 1, 
            "modified": "2011-11-02 10:25:28", 
            "type": null, 
            "slug": "act_tpd", 
            "name": "12 tabled pack dispensed"
        }
    }, 
    {
        "pk": 337, 
        "model": "eav.attribute", 
        "fields": {
            "description": "12+ years", 
            "created": "2011-11-02 10:25:28", 
            "datatype": "int", 
            "enum_group": null, 
            "required": false, 
            "site": 1, 
            "modified": "2011-11-02 10:25:28", 
            "type": null, 
            "slug": "treat_tia", 
            "name": "12+ years"
        }
    }, 
    {
        "pk": 345, 
        "model": "eav.attribute", 
        "fields": {
            "description": "18 pack on hand", 
            "created": "2011-11-02 10:25:28", 
            "datatype": "int", 
            "enum_group": null, 
            "required": false, 
            "site": 1, 
            "modified": "2011-11-02 10:25:28", 
            "type": null, 
            "slug": "act_eps", 
            "name": "18 pack on hand"
        }
    }, 
    {
        "pk": 344, 
        "model": "eav.attribute", 
        "fields": {
            "description": "18 tabled pack dispensed", 
            "created": "2011-11-02 10:25:28", 
            "datatype": "int", 
            "enum_group": null, 
            "required": false, 
            "site": 1, 
            "modified": "2011-11-02 10:25:28", 
            "type": null, 
            "slug": "act_epd", 
            "name": "18 tabled pack dispensed"
        }
    }, 
    {
        "pk": 347, 
        "model": "eav.attribute", 
        "fields": {
            "description": "24 pack on hand", 
            "created": "2011-11-02 10:25:28", 
            "datatype": "int", 
            "enum_group": null, 
            "required": false, 
            "site": 1, 
            "modified": "2011-11-02 10:25:28", 
            "type": null, 
            "slug": "act_fps", 
            "name": "24 pack on hand"
        }
    }, 
    {
        "pk": 346, 
        "model": "eav.attribute", 
        "fields": {
            "description": "24 tablet pack dispensed", 
            "created": "2011-11-02 10:25:28", 
            "datatype": "int", 
            "enum_group": null, 
            "required": false, 
            "site": 1, 
            "modified": "2011-11-02 10:25:28", 
            "type": null, 
            "slug": "act_fpd", 
            "name": "24 tablet pack dispensed"
        }
    }, 
    {
        "pk": 335, 
        "model": "eav.attribute", 
        "fields": {
            "description": "3+ to 6 years", 
            "created": "2011-11-02 10:25:28", 
            "datatype": "int", 
            "enum_group": null, 
            "required": false, 
            "site": 1, 
            "modified": "2011-11-02 10:25:28", 
            "type": null, 
            "slug": "treat_tic", 
            "name": "3+ to 6 years"
        }
    }, 
    {
        "pk": 334, 
        "model": "eav.attribute", 
        "fields": {
            "description": "4+ months to 2 years", 
            "created": "2011-11-02 10:25:28", 
            "datatype": "int", 
            "enum_group": null, 
            "required": false, 
            "site": 1, 
            "modified": "2011-11-02 10:25:28", 
            "type": null, 
            "slug": "treat_tin", 
            "name": "4+ months to 2 years"
        }
    }, 
    {
        "pk": 341, 
        "model": "eav.attribute", 
        "fields": {
            "description": "6 pack balance on hand", 
            "created": "2011-11-02 10:25:28", 
            "datatype": "int", 
            "enum_group": null, 
            "required": false, 
            "site": 1, 
            "modified": "2011-11-02 10:25:28", 
            "type": null, 
            "slug": "act_sps", 
            "name": "6 pack balance on hand"
        }
    }, 
    {
        "pk": 340, 
        "model": "eav.attribute", 
        "fields": {
            "description": "6 tablet pack dispensed", 
            "created": "2011-11-02 10:25:28", 
            "datatype": "int", 
            "enum_group": null, 
            "required": false, 
            "site": 1, 
            "modified": "2011-11-02 10:25:28", 
            "type": null, 
            "slug": "act_spd", 
            "name": "6 tablet pack dispensed"
        }
    }, 
    {
        "pk": 336, 
        "model": "eav.attribute", 
        "fields": {
            "description": "7+ to 11 years", 
            "created": "2011-11-02 10:25:28", 
            "datatype": "int", 
            "enum_group": null, 
            "required": false, 
            "site": 1, 
            "modified": "2011-11-02 10:25:28", 
            "type": null, 
            "slug": "treat_tiy", 
            "name": "7+ to 11 years"
        }
    }, 
    {
        "pk": 76, 
        "model": "eav.attribute", 
        "fields": {
            "description": "Acute Flaccid Paralysis (Polio)", 
            "created": "2011-02-16 06:50:44", 
            "datatype": "int", 
            "enum_group": null, 
            "required": false, 
            "site": 1, 
            "modified": "2011-03-02 14:31:51", 
            "type": "int", 
            "slug": "epi_af", 
            "name": "Acute Flaccid Paralysis (Polio)"
        }
    }, 
    {
        "pk": 358, 
        "model": "eav.attribute", 
        "fields": {
            "description": "Cases of Acute Flacid Paralysis", 
            "created": "2011-11-02 14:30:38", 
            "datatype": "int", 
            "enum_group": null, 
            "required": false, 
            "site": 1, 
            "modified": "2011-11-02 14:30:38", 
            "type": null, 
            "slug": "cases_af", 
            "name": "Acute Flacid Paralysis cases"
        }
    }, 
    {
        "pk": 359, 
        "model": "eav.attribute", 
        "fields": {
            "description": "Deaths from Acute Flacid Paralysis", 
            "created": "2011-11-02 14:30:38", 
            "datatype": "int", 
            "enum_group": null, 
            "required": false, 
            "site": 1, 
            "modified": "2011-11-02 14:30:38", 
            "type": null, 
            "slug": "death_af", 
            "name": "Acute Flacid Paralysis deaths"
        }
    }, 
    {
        "pk": 360, 
        "model": "eav.attribute", 
        "fields": {
            "description": "Cases of Adverse Events Following Immunization", 
            "created": "2011-11-02 14:30:38", 
            "datatype": "int", 
            "enum_group": null, 
            "required": false, 
            "site": 1, 
            "modified": "2011-11-02 14:30:38", 
            "type": null, 
            "slug": "cases_ae", 
            "name": "Adverse Events Following Immunization cases"
        }
    }, 
    {
        "pk": 361, 
        "model": "eav.attribute", 
        "fields": {
            "description": "Deaths from Adverse Events Following Immunization", 
            "created": "2011-11-02 14:30:38", 
            "datatype": "int", 
            "enum_group": null, 
            "required": false, 
            "site": 1, 
            "modified": "2011-11-02 14:30:38", 
            "type": null, 
            "slug": "death_ae", 
            "name": "Adverse Events Following Immunization deaths"
        }
    }, 
    {
        "pk": 63, 
        "model": "eav.attribute", 
        "fields": {
            "description": "The age of the malnurished patient", 
            "created": "2011-02-16 06:50:43", 
            "datatype": "int", 
            "enum_group": null, 
            "required": false, 
            "site": 1, 
            "modified": "2011-02-16 06:50:43", 
            "type": "cvstdelt", 
            "slug": "muac_age", 
            "name": "age"
        }
    }, 
    {
        "pk": 68, 
        "model": "eav.attribute", 
        "fields": {
            "description": "The age of the person who has died", 
            "created": "2011-02-16 06:50:43", 
            "datatype": "int", 
            "enum_group": null, 
            "required": false, 
            "site": 1, 
            "modified": "2011-11-02 14:30:26", 
            "type": "cvstdelt", 
            "slug": "olddeath_age", 
            "name": "age"
        }
    }, 
    {
        "pk": 75, 
        "model": "eav.attribute", 
        "fields": {
            "description": "Animal Bites", 
            "created": "2011-02-16 06:50:44", 
            "datatype": "int", 
            "enum_group": null, 
            "required": false, 
            "site": 1, 
            "modified": "2011-03-02 14:31:51", 
            "type": "int", 
            "slug": "epi_ab", 
            "name": "Animal Bites"
        }
    }, 
    {
        "pk": 362, 
        "model": "eav.attribute", 
        "fields": {
            "description": "Cases of Animal Bites", 
            "created": "2011-11-02 14:30:38", 
            "datatype": "int", 
            "enum_group": null, 
            "required": false, 
            "site": 1, 
            "modified": "2011-11-02 14:30:38", 
            "type": null, 
            "slug": "cases_ab", 
            "name": "Animal Bites cases"
        }
    }, 
    {
        "pk": 363, 
        "model": "eav.attribute", 
        "fields": {
            "description": "Deaths from Animal Bites", 
            "created": "2011-11-02 14:30:38", 
            "datatype": "int", 
            "enum_group": null, 
            "required": false, 
            "site": 1, 
            "modified": "2011-11-02 14:30:38", 
            "type": null, 
            "slug": "death_ab", 
            "name": "Animal Bites deaths"
        }
    }, 
    {
        "pk": 364, 
        "model": "eav.attribute", 
        "fields": {
            "description": "Cases of Bacterial Meningitis", 
            "created": "2011-11-02 14:30:38", 
            "datatype": "int", 
            "enum_group": null, 
            "required": false, 
            "site": 1, 
            "modified": "2011-11-02 14:30:38", 
            "type": null, 
            "slug": "cases_mg", 
            "name": "Bacterial Meningitis cases"
        }
    }, 
    {
        "pk": 365, 
        "model": "eav.attribute", 
        "fields": {
            "description": "Deaths from Bacterial Meningitis", 
            "created": "2011-11-02 14:30:38", 
            "datatype": "int", 
            "enum_group": null, 
            "required": false, 
            "site": 1, 
            "modified": "2011-11-02 14:30:38", 
            "type": null, 
            "slug": "death_mg", 
            "name": "Bacterial Meningitis deaths"
        }
    }, 
    {
        "pk": 200, 
        "model": "eav.attribute", 
        "fields": {
            "description": "Bloody diarrhea (Dysentery)", 
            "created": "2011-11-02 09:46:35", 
            "datatype": "int", 
            "enum_group": null, 
            "required": false, 
            "site": 1, 
            "modified": "2011-11-02 09:46:35", 
            "type": null, 
            "slug": "epi_dy", 
            "name": "Bloody diarrhea (Dysentery)"
        }
    }, 
    {
        "pk": 72, 
        "model": "eav.attribute", 
        "fields": {
            "description": "Bloody diarrhea (Dysentery)", 
            "created": "2011-02-16 06:50:44", 
            "datatype": "int", 
            "enum_group": null, 
            "required": false, 
            "site": 1, 
            "modified": "2011-03-02 14:31:50", 
            "type": "int", 
            "slug": "epi_bd", 
            "name": "Bloody diarrhea (Dysentery)"
        }
    }, 
    {
        "pk": 64, 
        "model": "eav.attribute", 
        "fields": {
            "description": "Red, yellow, or green case of malnutrition", 
            "created": "2011-02-16 06:50:43", 
            "datatype": "text", 
            "enum_group": null, 
            "required": false, 
            "site": 1, 
            "modified": "2011-02-16 06:50:43", 
            "type": "cvsmuacr", 
            "slug": "muac_category", 
            "name": "category"
        }
    }, 
    {
        "pk": 79, 
        "model": "eav.attribute", 
        "fields": {
            "description": "Cholera", 
            "created": "2011-02-16 06:50:44", 
            "datatype": "int", 
            "enum_group": null, 
            "required": false, 
            "site": 1, 
            "modified": "2011-03-02 14:31:51", 
            "type": "int", 
            "slug": "epi_ch", 
            "name": "Cholera"
        }
    }, 
    {
        "pk": 366, 
        "model": "eav.attribute", 
        "fields": {
            "description": "Cases of Cholera", 
            "created": "2011-11-02 14:30:38", 
            "datatype": "int", 
            "enum_group": null, 
            "required": false, 
            "site": 1, 
            "modified": "2011-11-02 14:30:38", 
            "type": null, 
            "slug": "cases_ch", 
            "name": "Cholera cases"
        }
    }, 
    {
        "pk": 367, 
        "model": "eav.attribute", 
        "fields": {
            "description": "Deaths from Cholera", 
            "created": "2011-11-02 14:30:38", 
            "datatype": "int", 
            "enum_group": null, 
            "required": false, 
            "site": 1, 
            "modified": "2011-11-02 14:30:38", 
            "type": null, 
            "slug": "death_ch", 
            "name": "Cholera deaths"
        }
    }, 
    {
        "pk": 186, 
        "model": "eav.attribute", 
        "fields": {
            "description": "deaths", 
            "created": "2011-10-02 11:52:40", 
            "datatype": "int", 
            "enum_group": null, 
            "required": false, 
            "site": 1, 
            "modified": "2011-10-02 11:52:40", 
            "type": "int", 
            "slug": "com_death", 
            "name": "deaths"
        }
    }, 
    {
        "pk": 192, 
        "model": "eav.attribute", 
        "fields": {
            "description": "deaths", 
            "created": "2011-10-02 11:52:40", 
            "datatype": "int", 
            "enum_group": null, 
            "required": false, 
            "site": 1, 
            "modified": "2011-10-02 11:52:40", 
            "type": "int", 
            "slug": "mal_total_death", 
            "name": "deaths"
        }
    }, 
    {
        "pk": 193, 
        "model": "eav.attribute", 
        "fields": {
            "description": "defaults", 
            "created": "2011-10-02 11:52:40", 
            "datatype": "int", 
            "enum_group": null, 
            "required": false, 
            "site": 1, 
            "modified": "2011-10-02 11:52:40", 
            "type": "int", 
            "slug": "mal_total_default", 
            "name": "defaults"
        }
    }, 
    {
        "pk": 185, 
        "model": "eav.attribute", 
        "fields": {
            "description": "diarrhea", 
            "created": "2011-10-02 11:52:40", 
            "datatype": "int", 
            "enum_group": null, 
            "required": false, 
            "site": 1, 
            "modified": "2011-10-02 11:52:40", 
            "type": "int", 
            "slug": "com_diarrhea", 
            "name": "diarrhea"
        }
    }, 
    {
        "pk": 354, 
        "model": "eav.attribute", 
        "fields": {
            "description": "Cases of Dysentery", 
            "created": "2011-11-02 14:30:38", 
            "datatype": "int", 
            "enum_group": null, 
            "required": false, 
            "site": 1, 
            "modified": "2011-11-02 14:30:38", 
            "type": null, 
            "slug": "cases_dy", 
            "name": "Dysentery cases"
        }
    }, 
    {
        "pk": 355, 
        "model": "eav.attribute", 
        "fields": {
            "description": "Deaths from Dysentery", 
            "created": "2011-11-02 14:30:38", 
            "datatype": "int", 
            "enum_group": null, 
            "required": false, 
            "site": 1, 
            "modified": "2011-11-02 14:30:38", 
            "type": null, 
            "slug": "death_dy", 
            "name": "Dysentery deaths"
        }
    }, 
    {
        "pk": 196, 
        "model": "eav.attribute", 
        "fields": {
            "description": "F-75 Balance", 
            "created": "2011-10-02 11:52:40", 
            "datatype": "int", 
            "enum_group": null, 
            "required": false, 
            "site": 1, 
            "modified": "2011-10-02 11:52:40", 
            "type": "int", 
            "slug": "rutf_closing_f75_stock", 
            "name": "F-75 Balance"
        }
    }, 
    {
        "pk": 195, 
        "model": "eav.attribute", 
        "fields": {
            "description": "F-75 New", 
            "created": "2011-10-02 11:52:40", 
            "datatype": "int", 
            "enum_group": null, 
            "required": false, 
            "site": 1, 
            "modified": "2011-10-02 11:52:40", 
            "type": "int", 
            "slug": "rutf_new_f75_stock", 
            "name": "F-75 New"
        }
    }, 
    {
        "pk": 94, 
        "model": "eav.attribute", 
        "fields": {
            "description": "Your facility code", 
            "created": "2011-02-16 06:50:44", 
            "datatype": "object", 
            "enum_group": null, 
            "required": false, 
            "site": 1, 
            "modified": "2011-02-16 06:50:44", 
            "type": "facility", 
            "slug": "vht_facility", 
            "name": "facility"
        }
    }, 
    {
        "pk": 93, 
        "model": "eav.attribute", 
        "fields": {
            "description": "Your facility code", 
            "created": "2011-02-16 06:50:44", 
            "datatype": "object", 
            "enum_group": null, 
            "required": false, 
            "site": 1, 
            "modified": "2011-02-16 06:50:44", 
            "type": "facility", 
            "slug": "pvht_facility", 
            "name": "facility"
        }
    }, 
    {
        "pk": 199, 
        "model": "eav.attribute", 
        "fields": {
            "description": "fast breathing", 
            "created": "2011-10-02 11:52:40", 
            "datatype": "int", 
            "enum_group": null, 
            "required": false, 
            "site": 1, 
            "modified": "2011-10-12 12:59:00", 
            "type": "int", 
            "slug": "com_pneumonia", 
            "name": "fast breathing"
        }
    }, 
    {
        "pk": 184, 
        "model": "eav.attribute", 
        "fields": {
            "description": "fever", 
            "created": "2011-10-02 11:52:40", 
            "datatype": "int", 
            "enum_group": null, 
            "required": false, 
            "site": 1, 
            "modified": "2011-10-02 11:52:40", 
            "type": "int", 
            "slug": "com_fever", 
            "name": "fever"
        }
    }, 
    {
        "pk": 62, 
        "model": "eav.attribute", 
        "fields": {
            "description": "The gender of the malnourished patient", 
            "created": "2011-02-16 06:50:43", 
            "datatype": "text", 
            "enum_group": null, 
            "required": false, 
            "site": 1, 
            "modified": "2011-02-16 06:50:43", 
            "type": "cvssex", 
            "slug": "muac_gender", 
            "name": "gender"
        }
    }, 
    {
        "pk": 67, 
        "model": "eav.attribute", 
        "fields": {
            "description": "The gender of the person who has died", 
            "created": "2011-02-16 06:50:43", 
            "datatype": "text", 
            "enum_group": null, 
            "required": false, 
            "site": 1, 
            "modified": "2011-11-02 14:30:26", 
            "type": "cvssex", 
            "slug": "olddeath_gender", 
            "name": "gender"
        }
    }, 
    {
        "pk": 70, 
        "model": "eav.attribute", 
        "fields": {
            "description": "The gender of the child born", 
            "created": "2011-02-16 06:50:44", 
            "datatype": "text", 
            "enum_group": null, 
            "required": false, 
            "site": 1, 
            "modified": "2011-02-16 06:50:44", 
            "type": "cvssex", 
            "slug": "birth_gender", 
            "name": "gender"
        }
    }, 
    {
        "pk": 190, 
        "model": "eav.attribute", 
        "fields": {
            "description": "Green", 
            "created": "2011-10-02 11:52:40", 
            "datatype": "int", 
            "enum_group": null, 
            "required": false, 
            "site": 1, 
            "modified": "2011-10-02 11:52:40", 
            "type": "int", 
            "slug": "com_muac_green", 
            "name": "Green"
        }
    }, 
    {
        "pk": 80, 
        "model": "eav.attribute", 
        "fields": {
            "description": "Guinea Worm", 
            "created": "2011-02-16 06:50:44", 
            "datatype": "int", 
            "enum_group": null, 
            "required": false, 
            "site": 1, 
            "modified": "2011-03-02 14:31:51", 
            "type": "int", 
            "slug": "epi_gw", 
            "name": "Guinea Worm"
        }
    }, 
    {
        "pk": 368, 
        "model": "eav.attribute", 
        "fields": {
            "description": "Cases of Guinea Worm", 
            "created": "2011-11-02 14:30:38", 
            "datatype": "int", 
            "enum_group": null, 
            "required": false, 
            "site": 1, 
            "modified": "2011-11-02 14:30:38", 
            "type": null, 
            "slug": "cases_gw", 
            "name": "Guinea Worm cases"
        }
    }, 
    {
        "pk": 369, 
        "model": "eav.attribute", 
        "fields": {
            "description": "Deaths from Guinea Worm", 
            "created": "2011-11-02 14:30:38", 
            "datatype": "int", 
            "enum_group": null, 
            "required": false, 
            "site": 1, 
            "modified": "2011-11-02 14:30:38", 
            "type": null, 
            "slug": "death_gw", 
            "name": "Guinea Worm deaths"
        }
    }, 
    {
        "pk": 90, 
        "model": "eav.attribute", 
        "fields": {
            "description": "Handwashing Facilities", 
            "created": "2011-02-16 06:50:44", 
            "datatype": "int", 
            "enum_group": null, 
            "required": false, 
            "site": 1, 
            "modified": "2011-03-02 14:31:51", 
            "type": "int", 
            "slug": "home_ha", 
            "name": "Handwashing Facilities"
        }
    }, 
    {
        "pk": 65, 
        "model": "eav.attribute", 
        "fields": {
            "description": "Occurence of oedema (T/F)", 
            "created": "2011-02-16 06:50:43", 
            "datatype": "text", 
            "enum_group": null, 
            "required": false, 
            "site": 1, 
            "modified": "2011-02-16 06:50:43", 
            "type": "cvsodema", 
            "slug": "muac_ignored", 
            "name": "ignored"
        }
    }, 
    {
        "pk": 88, 
        "model": "eav.attribute", 
        "fields": {
            "description": "ITTNs/LLINs", 
            "created": "2011-02-16 06:50:44", 
            "datatype": "int", 
            "enum_group": null, 
            "required": false, 
            "site": 1, 
            "modified": "2011-03-02 14:31:51", 
            "type": "int", 
            "slug": "home_it", 
            "name": "ITTNs/LLINs"
        }
    }, 
    {
        "pk": 89, 
        "model": "eav.attribute", 
        "fields": {
            "description": "Latrines", 
            "created": "2011-02-16 06:50:44", 
            "datatype": "int", 
            "enum_group": null, 
            "required": false, 
            "site": 1, 
            "modified": "2011-03-02 14:31:51", 
            "type": "int", 
            "slug": "home_la", 
            "name": "Latrines"
        }
    }, 
    {
        "pk": 73, 
        "model": "eav.attribute", 
        "fields": {
            "description": "Malaria", 
            "created": "2011-02-16 06:50:44", 
            "datatype": "int", 
            "enum_group": null, 
            "required": false, 
            "site": 1, 
            "modified": "2011-03-02 14:31:51", 
            "type": "int", 
            "slug": "epi_ma", 
            "name": "Malaria"
        }
    }, 
    {
        "pk": 352, 
        "model": "eav.attribute", 
        "fields": {
            "description": "Cases of Malaria", 
            "created": "2011-11-02 14:30:38", 
            "datatype": "int", 
            "enum_group": null, 
            "required": false, 
            "site": 1, 
            "modified": "2011-11-02 14:30:38", 
            "type": null, 
            "slug": "cases_ma", 
            "name": "Malaria cases"
        }
    }, 
    {
        "pk": 353, 
        "model": "eav.attribute", 
        "fields": {
            "description": "Deaths from Malaria", 
            "created": "2011-11-02 14:30:38", 
            "datatype": "int", 
            "enum_group": null, 
            "required": false, 
            "site": 1, 
            "modified": "2011-11-02 14:30:38", 
            "type": null, 
            "slug": "death_ma", 
            "name": "Malaria deaths"
        }
    }, 
    {
        "pk": 321, 
        "model": "eav.attribute", 
        "fields": {
            "description": "Maternal Deaths", 
            "created": "2011-11-02 10:25:27", 
            "datatype": "int", 
            "enum_group": null, 
            "required": false, 
            "site": 1, 
            "modified": "2011-11-02 10:25:27", 
            "type": null, 
            "slug": "opd_md", 
            "name": "Maternal Deaths"
        }
    }, 
    {
        "pk": 78, 
        "model": "eav.attribute", 
        "fields": {
            "description": "Measles", 
            "created": "2011-02-16 06:50:44", 
            "datatype": "int", 
            "enum_group": null, 
            "required": false, 
            "site": 1, 
            "modified": "2011-03-02 14:31:51", 
            "type": "int", 
            "slug": "epi_me", 
            "name": "Measles"
        }
    }, 
    {
        "pk": 370, 
        "model": "eav.attribute", 
        "fields": {
            "description": "Cases of Measles", 
            "created": "2011-11-02 14:30:38", 
            "datatype": "int", 
            "enum_group": null, 
            "required": false, 
            "site": 1, 
            "modified": "2011-11-02 14:30:38", 
            "type": null, 
            "slug": "cases_me", 
            "name": "Measles cases"
        }
    }, 
    {
        "pk": 371, 
        "model": "eav.attribute", 
        "fields": {
            "description": "Deaths from Measles", 
            "created": "2011-11-02 14:30:38", 
            "datatype": "int", 
            "enum_group": null, 
            "required": false, 
            "site": 1, 
            "modified": "2011-11-02 14:30:38", 
            "type": null, 
            "slug": "death_me", 
            "name": "Measles deaths"
        }
    }, 
    {
        "pk": 77, 
        "model": "eav.attribute", 
        "fields": {
            "description": "Meningitis", 
            "created": "2011-02-16 06:50:44", 
            "datatype": "int", 
            "enum_group": null, 
            "required": false, 
            "site": 1, 
            "modified": "2011-03-02 14:31:51", 
            "type": "int", 
            "slug": "epi_mg", 
            "name": "Meningitis"
        }
    }, 
    {
        "pk": 332, 
        "model": "eav.attribute", 
        "fields": {
            "description": "Microscopy negative cases treated", 
            "created": "2011-11-02 10:25:28", 
            "datatype": "int", 
            "enum_group": null, 
            "required": false, 
            "site": 1, 
            "modified": "2011-11-02 10:25:28", 
            "type": null, 
            "slug": "treat_mtn", 
            "name": "Microscopy negative cases treated"
        }
    }, 
    {
        "pk": 327, 
        "model": "eav.attribute", 
        "fields": {
            "description": "Microscopy positive cases", 
            "created": "2011-11-02 10:25:28", 
            "datatype": "int", 
            "enum_group": null, 
            "required": false, 
            "site": 1, 
            "modified": "2011-11-02 10:25:28", 
            "type": null, 
            "slug": "test_mtp", 
            "name": "Microscopy positive cases"
        }
    }, 
    {
        "pk": 333, 
        "model": "eav.attribute", 
        "fields": {
            "description": "Microscopy positive cases treated", 
            "created": "2011-11-02 10:25:28", 
            "datatype": "int", 
            "enum_group": null, 
            "required": false, 
            "site": 1, 
            "modified": "2011-11-02 10:25:28", 
            "type": null, 
            "slug": "treat_mtp", 
            "name": "Microscopy positive cases treated"
        }
    }, 
    {
        "pk": 326, 
        "model": "eav.attribute", 
        "fields": {
            "description": "Microscopy tested cases", 
            "created": "2011-11-02 10:25:28", 
            "datatype": "int", 
            "enum_group": null, 
            "required": false, 
            "site": 1, 
            "modified": "2011-11-02 10:25:28", 
            "type": null, 
            "slug": "test_mtc", 
            "name": "Microscopy tested cases"
        }
    }, 
    {
        "pk": 66, 
        "model": "eav.attribute", 
        "fields": {
            "description": "The name of the person who has died", 
            "created": "2011-02-16 06:50:43", 
            "datatype": "text", 
            "enum_group": null, 
            "required": false, 
            "site": 1, 
            "modified": "2011-11-02 14:30:26", 
            "type": "text", 
            "slug": "olddeath_name", 
            "name": "name"
        }
    }, 
    {
        "pk": 61, 
        "model": "eav.attribute", 
        "fields": {
            "description": "The name of the malnourished patient", 
            "created": "2011-02-16 06:50:43", 
            "datatype": "text", 
            "enum_group": null, 
            "required": false, 
            "site": 1, 
            "modified": "2011-02-16 06:50:43", 
            "type": "text", 
            "slug": "muac_name", 
            "name": "name"
        }
    }, 
    {
        "pk": 92, 
        "model": "eav.attribute", 
        "fields": {
            "description": "Your name", 
            "created": "2011-02-16 06:50:44", 
            "datatype": "text", 
            "enum_group": null, 
            "required": false, 
            "site": 1, 
            "modified": "2011-02-16 06:50:44", 
            "type": "text", 
            "slug": "reg_name", 
            "name": "name"
        }
    }, 
    {
        "pk": 69, 
        "model": "eav.attribute", 
        "fields": {
            "description": "The name of the child born", 
            "created": "2011-02-16 06:50:44", 
            "datatype": "text", 
            "enum_group": null, 
            "required": false, 
            "site": 1, 
            "modified": "2011-02-16 06:50:44", 
            "type": "text", 
            "slug": "birth_name", 
            "name": "name"
        }
    }, 
    {
        "pk": 81, 
        "model": "eav.attribute", 
        "fields": {
            "description": "Neonatal Tetanus", 
            "created": "2011-02-16 06:50:44", 
            "datatype": "int", 
            "enum_group": null, 
            "required": false, 
            "site": 1, 
            "modified": "2011-03-02 14:31:51", 
            "type": "int", 
            "slug": "epi_nt", 
            "name": "Neonatal Tetanus"
        }
    }, 
    {
        "pk": 372, 
        "model": "eav.attribute", 
        "fields": {
            "description": "Cases of Neonatal Tetanus", 
            "created": "2011-11-02 14:30:38", 
            "datatype": "int", 
            "enum_group": null, 
            "required": false, 
            "site": 1, 
            "modified": "2011-11-02 14:30:38", 
            "type": null, 
            "slug": "cases_nt", 
            "name": "Neonatal Tetanus cases"
        }
    }, 
    {
        "pk": 373, 
        "model": "eav.attribute", 
        "fields": {
            "description": "Deaths from Neonatal Tetanus", 
            "created": "2011-11-02 14:30:38", 
            "datatype": "int", 
            "enum_group": null, 
            "required": false, 
            "site": 1, 
            "modified": "2011-11-02 14:30:38", 
            "type": null, 
            "slug": "death_nt", 
            "name": "Neonatal Tetanus deaths"
        }
    }, 
    {
        "pk": 191, 
        "model": "eav.attribute", 
        "fields": {
            "description": "new admissions", 
            "created": "2011-10-02 11:52:40", 
            "datatype": "int", 
            "enum_group": null, 
            "required": false, 
            "site": 1, 
            "modified": "2011-10-02 11:52:40", 
            "type": "int", 
            "slug": "mal_total_new", 
            "name": "new admissions"
        }
    }, 
    {
        "pk": 187, 
        "model": "eav.attribute", 
        "fields": {
            "description": "OE", 
            "created": "2011-10-02 11:52:40", 
            "datatype": "int", 
            "enum_group": null, 
            "required": false, 
            "site": 1, 
            "modified": "2011-10-02 11:52:40", 
            "type": "int", 
            "slug": "com_bi_od", 
            "name": "OE"
        }
    }, 
    {
        "pk": 319, 
        "model": "eav.attribute", 
        "fields": {
            "description": "OPD New Attendees", 
            "created": "2011-11-02 10:25:27", 
            "datatype": "int", 
            "enum_group": null, 
            "required": false, 
            "site": 1, 
            "modified": "2011-11-02 10:25:27", 
            "type": null, 
            "slug": "opd_att", 
            "name": "OPD New Attendees"
        }
    }, 
    {
        "pk": 320, 
        "model": "eav.attribute", 
        "fields": {
            "description": "OPD New Attendence", 
            "created": "2011-11-02 10:25:27", 
            "datatype": "int", 
            "enum_group": null, 
            "required": false, 
            "site": 1, 
            "modified": "2011-11-02 10:25:27", 
            "type": null, 
            "slug": "opd_nat", 
            "name": "OPD Total Attendance"
        }
    }, 
    {
        "pk": 348, 
        "model": "eav.attribute", 
        "fields": {
            "description": "Other ACT dispensed", 
            "created": "2011-11-02 10:25:28", 
            "datatype": "int", 
            "enum_group": null, 
            "required": false, 
            "site": 1, 
            "modified": "2011-11-02 10:25:28", 
            "type": null, 
            "slug": "qun_oad", 
            "name": "Other ACT dispensed"
        }
    }, 
    {
        "pk": 349, 
        "model": "eav.attribute", 
        "fields": {
            "description": "Other balance on hand", 
            "created": "2011-11-02 10:25:28", 
            "datatype": "int", 
            "enum_group": null, 
            "required": false, 
            "site": 1, 
            "modified": "2011-11-02 10:25:28", 
            "type": null, 
            "slug": "qun_oas", 
            "name": "Other balance on hand"
        }
    }, 
    {
        "pk": 86, 
        "model": "eav.attribute", 
        "fields": {
            "description": "Other Emerging Infectious Diseases", 
            "created": "2011-02-16 06:50:44", 
            "datatype": "int", 
            "enum_group": null, 
            "required": false, 
            "site": 1, 
            "modified": "2011-03-02 14:31:52", 
            "type": "int", 
            "slug": "epi_ei", 
            "name": "Other Emerging Infectious Diseases"
        }
    }, 
    {
        "pk": 374, 
        "model": "eav.attribute", 
        "fields": {
            "description": "Cases of Other Emerging Infectious Diseases", 
            "created": "2011-11-02 14:30:39", 
            "datatype": "int", 
            "enum_group": null, 
            "required": false, 
            "site": 1, 
            "modified": "2011-11-02 14:30:39", 
            "type": null, 
            "slug": "cases_id", 
            "name": "Other Emerging Infectious Diseases cases"
        }
    }, 
    {
        "pk": 375, 
        "model": "eav.attribute", 
        "fields": {
            "description": "Deaths from Other Emerging Infectious Diseases", 
            "created": "2011-11-02 14:30:39", 
            "datatype": "int", 
            "enum_group": null, 
            "required": false, 
            "site": 1, 
            "modified": "2011-11-02 14:30:39", 
            "type": null, 
            "slug": "death_id", 
            "name": "Other Emerging Infectious Diseases deaths"
        }
    }, 
    {
        "pk": 85, 
        "model": "eav.attribute", 
        "fields": {
            "description": "Other Viral Hemorrhagic Fevers", 
            "created": "2011-02-16 06:50:44", 
            "datatype": "int", 
            "enum_group": null, 
            "required": false, 
            "site": 1, 
            "modified": "2011-03-02 14:31:52", 
            "type": "int", 
            "slug": "epi_vf", 
            "name": "Other Viral Hemorrhagic Fevers"
        }
    }, 
    {
        "pk": 376, 
        "model": "eav.attribute", 
        "fields": {
            "description": "Cases of Other Viral Hemorrhagic Fevers", 
            "created": "2011-11-02 14:30:39", 
            "datatype": "int", 
            "enum_group": null, 
            "required": false, 
            "site": 1, 
            "modified": "2011-11-02 14:30:39", 
            "type": null, 
            "slug": "cases_vf", 
            "name": "Other Viral Hemorrhagic Fevers cases"
        }
    }, 
    {
        "pk": 377, 
        "model": "eav.attribute", 
        "fields": {
            "description": "Deaths from Other Viral Hemorrhagic Fevers", 
            "created": "2011-11-02 14:30:39", 
            "datatype": "int", 
            "enum_group": null, 
            "required": false, 
            "site": 1, 
            "modified": "2011-11-02 14:30:39", 
            "type": null, 
            "slug": "death_vf", 
            "name": "Other Viral Hemorrhagic Fevers deaths"
        }
    }, 
    {
        "pk": 322, 
        "model": "eav.attribute", 
        "fields": {
            "description": "Perinatal Deaths", 
            "created": "2011-11-02 10:25:27", 
            "datatype": "int", 
            "enum_group": null, 
            "required": false, 
            "site": 1, 
            "modified": "2011-11-02 10:25:27", 
            "type": null, 
            "slug": "opd_pd", 
            "name": "Perinatal Deaths"
        }
    }, 
    {
        "pk": 71, 
        "model": "eav.attribute", 
        "fields": {
            "description": "At home or at a health facility", 
            "created": "2011-02-16 06:50:44", 
            "datatype": "text", 
            "enum_group": null, 
            "required": false, 
            "site": 1, 
            "modified": "2011-02-16 06:50:44", 
            "type": "cvsloc", 
            "slug": "birth_place", 
            "name": "place"
        }
    }, 
    {
        "pk": 83, 
        "model": "eav.attribute", 
        "fields": {
            "description": "Plague", 
            "created": "2011-02-16 06:50:44", 
            "datatype": "int", 
            "enum_group": null, 
            "required": false, 
            "site": 1, 
            "modified": "2011-03-02 14:31:51", 
            "type": "int", 
            "slug": "epi_pl", 
            "name": "Plague"
        }
    }, 
    {
        "pk": 378, 
        "model": "eav.attribute", 
        "fields": {
            "description": "Cases of Plague", 
            "created": "2011-11-02 14:30:39", 
            "datatype": "int", 
            "enum_group": null, 
            "required": false, 
            "site": 1, 
            "modified": "2011-11-02 14:30:39", 
            "type": null, 
            "slug": "cases_pl", 
            "name": "Plague cases"
        }
    }, 
    {
        "pk": 379, 
        "model": "eav.attribute", 
        "fields": {
            "description": "Deaths from Plague", 
            "created": "2011-11-02 14:30:39", 
            "datatype": "int", 
            "enum_group": null, 
            "required": false, 
            "site": 1, 
            "modified": "2011-11-02 14:30:39", 
            "type": null, 
            "slug": "death_pl", 
            "name": "Plague deaths"
        }
    }, 
    {
        "pk": 329, 
        "model": "eav.attribute", 
        "fields": {
            "description": "Positive cases 5+ years", 
            "created": "2011-11-02 10:25:28", 
            "datatype": "int", 
            "enum_group": null, 
            "required": false, 
            "site": 1, 
            "modified": "2011-11-02 10:25:28", 
            "type": null, 
            "slug": "test_pcy", 
            "name": "Positive cases 5+ years"
        }
    }, 
    {
        "pk": 328, 
        "model": "eav.attribute", 
        "fields": {
            "description": "Positive cases under 5 years", 
            "created": "2011-11-02 10:25:28", 
            "datatype": "int", 
            "enum_group": null, 
            "required": false, 
            "site": 1, 
            "modified": "2011-11-02 10:25:28", 
            "type": null, 
            "slug": "test_pcc", 
            "name": "Positive cases under 5 years"
        }
    }, 
    {
        "pk": 350, 
        "model": "eav.attribute", 
        "fields": {
            "description": "Quinine dispensed", 
            "created": "2011-11-02 10:25:28", 
            "datatype": "int", 
            "enum_group": null, 
            "required": false, 
            "site": 1, 
            "modified": "2011-11-02 10:25:28", 
            "type": null, 
            "slug": "qun_qud", 
            "name": "Quinine dispensed"
        }
    }, 
    {
        "pk": 351, 
        "model": "eav.attribute", 
        "fields": {
            "description": "Quinine on hand", 
            "created": "2011-11-02 10:25:28", 
            "datatype": "int", 
            "enum_group": null, 
            "required": false, 
            "site": 1, 
            "modified": "2011-11-02 10:25:28", 
            "type": null, 
            "slug": "qun_qus", 
            "name": "Quinine on hand"
        }
    }, 
    {
        "pk": 84, 
        "model": "eav.attribute", 
        "fields": {
            "description": "Rabies", 
            "created": "2011-02-16 06:50:44", 
            "datatype": "int", 
            "enum_group": null, 
            "required": false, 
            "site": 1, 
            "modified": "2011-03-02 14:31:51", 
            "type": "int", 
            "slug": "epi_ra", 
            "name": "Rabies"
        }
    }, 
    {
        "pk": 201, 
        "model": "eav.attribute", 
        "fields": {
            "description": "Rabies", 
            "created": "2011-11-02 09:47:30", 
            "datatype": "int", 
            "enum_group": null, 
            "required": false, 
            "site": 1, 
            "modified": "2011-11-02 09:47:30", 
            "type": null, 
            "slug": "epi_rb", 
            "name": "Rabies"
        }
    }, 
    {
        "pk": 380, 
        "model": "eav.attribute", 
        "fields": {
            "description": "Cases of Rabies", 
            "created": "2011-11-02 14:30:39", 
            "datatype": "int", 
            "enum_group": null, 
            "required": false, 
            "site": 1, 
            "modified": "2011-11-02 14:30:39", 
            "type": null, 
            "slug": "cases_rb", 
            "name": "Rabies cases"
        }
    }, 
    {
        "pk": 381, 
        "model": "eav.attribute", 
        "fields": {
            "description": "Deaths from Rabies", 
            "created": "2011-11-02 14:30:39", 
            "datatype": "int", 
            "enum_group": null, 
            "required": false, 
            "site": 1, 
            "modified": "2011-11-02 14:30:39", 
            "type": null, 
            "slug": "death_rb", 
            "name": "Rabies deaths"
        }
    }, 
    {
        "pk": 330, 
        "model": "eav.attribute", 
        "fields": {
            "description": "RDT negative cases treated", 
            "created": "2011-11-02 10:25:28", 
            "datatype": "int", 
            "enum_group": null, 
            "required": false, 
            "site": 1, 
            "modified": "2011-11-02 10:25:28", 
            "type": null, 
            "slug": "treat_rdn", 
            "name": "RDT negative cases treated"
        }
    }, 
    {
        "pk": 386, 
        "model": "eav.attribute", 
        "fields": {
            "description": "Treated, no Test", 
            "created": "2011-11-16 10:35:23", 
            "datatype": "int", 
            "enum_group": null, 
            "required": false, 
            "site": 1, 
            "modified": "2011-11-16 10:35:23", 
            "type": null, 
            "slug": "treat_tnt", 
            "name": "Tested, no Test"
        }
    }, 
    {
        "pk": 325, 
        "model": "eav.attribute", 
        "fields": {
            "description": "RDT positive cases", 
            "created": "2011-11-02 10:25:28", 
            "datatype": "int", 
            "enum_group": null, 
            "required": false, 
            "site": 1, 
            "modified": "2011-11-02 10:25:28", 
            "type": null, 
            "slug": "test_rdp", 
            "name": "RDT positive cases"
        }
    }, 
    {
        "pk": 331, 
        "model": "eav.attribute", 
        "fields": {
            "description": "RDT positive cases treated", 
            "created": "2011-11-02 10:25:28", 
            "datatype": "int", 
            "enum_group": null, 
            "required": false, 
            "site": 1, 
            "modified": "2011-11-02 10:25:28", 
            "type": null, 
            "slug": "treat_rdp", 
            "name": "RDT positive cases treated"
        }
    }, 
    {
        "pk": 338, 
        "model": "eav.attribute", 
        "fields": {
            "description": "RDTs dispensed", 
            "created": "2011-11-02 10:25:28", 
            "datatype": "int", 
            "enum_group": null, 
            "required": false, 
            "site": 1, 
            "modified": "2011-11-02 10:25:28", 
            "type": null, 
            "slug": "rdt_rdd", 
            "name": "RDTs dispensed"
        }
    }, 
    {
        "pk": 339, 
        "model": "eav.attribute", 
        "fields": {
            "description": "RDTs on hand", 
            "created": "2011-11-02 10:25:28", 
            "datatype": "int", 
            "enum_group": null, 
            "required": false, 
            "site": 1, 
            "modified": "2011-11-02 10:25:28", 
            "type": null, 
            "slug": "rdt_rds", 
            "name": "RDTs on hand"
        }
    }, 
    {
        "pk": 324, 
        "model": "eav.attribute", 
        "fields": {
            "description": "RDT tested cases", 
            "created": "2011-11-02 10:25:28", 
            "datatype": "int", 
            "enum_group": null, 
            "required": false, 
            "site": 1, 
            "modified": "2011-11-02 10:25:28", 
            "type": null, 
            "slug": "test_rdt", 
            "name": "RDT tested cases"
        }
    }, 
    {
        "pk": 188, 
        "model": "eav.attribute", 
        "fields": {
            "description": "Red", 
            "created": "2011-10-02 11:52:40", 
            "datatype": "int", 
            "enum_group": null, 
            "required": false, 
            "site": 1, 
            "modified": "2011-10-02 11:52:40", 
            "type": "int", 
            "slug": "com_muac_red", 
            "name": "Red"
        }
    }, 
    {
        "pk": 198, 
        "model": "eav.attribute", 
        "fields": {
            "description": "RUTF Balance", 
            "created": "2011-10-02 11:52:40", 
            "datatype": "int", 
            "enum_group": null, 
            "required": false, 
            "site": 1, 
            "modified": "2011-10-02 11:52:40", 
            "type": "int", 
            "slug": "rutf_closing_rutf_stock", 
            "name": "RUTF Balance"
        }
    }, 
    {
        "pk": 197, 
        "model": "eav.attribute", 
        "fields": {
            "description": "RUTF New", 
            "created": "2011-10-02 11:52:40", 
            "datatype": "int", 
            "enum_group": null, 
            "required": false, 
            "site": 1, 
            "modified": "2011-10-02 11:52:40", 
            "type": "int", 
            "slug": "rutf_new_rutf_stock", 
            "name": "RUTF New"
        }
    }, 
    {
        "pk": 91, 
        "model": "eav.attribute", 
        "fields": {
            "description": "Safe Drinking Water", 
            "created": "2011-02-16 06:50:44", 
            "datatype": "int", 
            "enum_group": null, 
            "required": false, 
            "site": 1, 
            "modified": "2011-03-02 14:31:51", 
            "type": "int", 
            "slug": "home_wa", 
            "name": "Safe Drinking Water"
        }
    }, 
    {
        "pk": 356, 
        "model": "eav.attribute", 
        "fields": {
            "description": "Cases of Severe Acute Respiratory Infection", 
            "created": "2011-11-02 14:30:38", 
            "datatype": "int", 
            "enum_group": null, 
            "required": false, 
            "site": 1, 
            "modified": "2011-11-02 14:30:38", 
            "type": null, 
            "slug": "cases_sa", 
            "name": "Severe Acute Respiratory Infection cases"
        }
    }, 
    {
        "pk": 357, 
        "model": "eav.attribute", 
        "fields": {
            "description": "Deaths from Severe Acute Respiratory Infection", 
            "created": "2011-11-02 14:30:38", 
            "datatype": "int", 
            "enum_group": null, 
            "required": false, 
            "site": 1, 
            "modified": "2011-11-02 14:30:38", 
            "type": null, 
            "slug": "death_sa", 
            "name": "Severe Acute Respiratory Infection deaths"
        }
    }, 
    {
        "pk": 323, 
        "model": "eav.attribute", 
        "fields": {
            "description": "Suspected Malaria Cases", 
            "created": "2011-11-02 10:25:28", 
            "datatype": "int", 
            "enum_group": null, 
            "required": false, 
            "site": 1, 
            "modified": "2011-11-02 10:25:28", 
            "type": null, 
            "slug": "test_sm", 
            "name": "Suspected Malaria Cases"
        }
    }, 
    {
        "pk": 194, 
        "model": "eav.attribute", 
        "fields": {
            "description": "total admissions", 
            "created": "2011-10-02 11:52:40", 
            "datatype": "int", 
            "enum_group": null, 
            "required": false, 
            "site": 1, 
            "modified": "2011-10-02 11:52:40", 
            "type": "int", 
            "slug": "mal_total_admissions", 
            "name": "total admissions"
        }
    }, 
    {
        "pk": 87, 
        "model": "eav.attribute", 
        "fields": {
            "description": "Total Homesteads Visited", 
            "created": "2011-02-16 06:50:44", 
            "datatype": "int", 
            "enum_group": null, 
            "required": false, 
            "site": 1, 
            "modified": "2011-03-02 14:31:51", 
            "type": "int", 
            "slug": "home_to", 
            "name": "Total Homesteads Visited"
        }
    }, 
    {
        "pk": 74, 
        "model": "eav.attribute", 
        "fields": {
            "description": "Tuberculosis", 
            "created": "2011-02-16 06:50:44", 
            "datatype": "int", 
            "enum_group": null, 
            "required": false, 
            "site": 1, 
            "modified": "2011-03-02 14:31:51", 
            "type": "int", 
            "slug": "epi_tb", 
            "name": "Tuberculosis"
        }
    }, 
    {
        "pk": 382, 
        "model": "eav.attribute", 
        "fields": {
            "description": "Cases of Typhoid Fever", 
            "created": "2011-11-02 14:30:39", 
            "datatype": "int", 
            "enum_group": null, 
            "required": false, 
            "site": 1, 
            "modified": "2011-11-02 14:30:39", 
            "type": null, 
            "slug": "cases_tf", 
            "name": "Typhoid Fever cases"
        }
    }, 
    {
        "pk": 383, 
        "model": "eav.attribute", 
        "fields": {
            "description": "Deaths from Typhoid Fever", 
            "created": "2011-11-02 14:30:39", 
            "datatype": "int", 
            "enum_group": null, 
            "required": false, 
            "site": 1, 
            "modified": "2011-11-02 14:30:39", 
            "type": null, 
            "slug": "death_tf", 
            "name": "Typhoid Fever deaths"
        }
    }, 
    {
        "pk": 189, 
        "model": "eav.attribute", 
        "fields": {
            "description": "Yel", 
            "created": "2011-10-02 11:52:40", 
            "datatype": "int", 
            "enum_group": null, 
            "required": false, 
            "site": 1, 
            "modified": "2011-10-02 11:52:40", 
            "type": "int", 
            "slug": "com_muac_yellow", 
            "name": "Yel"
        }
    }, 
    {
        "pk": 82, 
        "model": "eav.attribute", 
        "fields": {
            "description": "Yellow Fever", 
            "created": "2011-02-16 06:50:44", 
            "datatype": "int", 
            "enum_group": null, 
            "required": false, 
            "site": 1, 
            "modified": "2011-03-02 14:31:51", 
            "type": "int", 
            "slug": "epi_yf", 
            "name": "Yellow Fever"
        }
    }, 
    {
        "pk": 384, 
        "model": "eav.attribute", 
        "fields": {
            "description": "Cases of Yellow Fever", 
            "created": "2011-11-02 14:30:39", 
            "datatype": "int", 
            "enum_group": null, 
            "required": false, 
            "site": 1, 
            "modified": "2011-11-02 14:30:39", 
            "type": null, 
            "slug": "cases_yf", 
            "name": "Yellow Fever cases"
        }
    }, 
    {
        "pk": 385, 
        "model": "eav.attribute", 
        "fields": {
            "description": "Deaths from Yellow Fever", 
            "created": "2011-11-02 14:30:39", 
            "datatype": "int", 
            "enum_group": null, 
            "required": false, 
            "site": 1, 
            "modified": "2011-11-02 14:30:39", 
            "type": null, 
            "slug": "death_yf", 
            "name": "Yellow Fever deaths"
        }
    }, 
    {
        "pk": 93,
        "model": "auth.group",
        "fields": {
            "name": "Health Nutrition Officer",
            "permissions": []
        }
    },
    {
        "pk": 94,
        "model": "auth.group",
        "fields": {
            "name": "Health Surveillance Officer",
            "permissions": []
        }
    },
    {
        "pk": 95,
        "model": "auth.group",
        "fields": {
            "name": "MAP Trained",
            "permissions": []
        }
    },
    {
        "pk": 124,
        "model": "auth.group",
        "fields": {
            "name": "VHT",
            "permissions": []
        }
    },
    {
        "pk": 125,
        "model": "auth.group",
        "fields": {
            "name": "PVHT",
            "permissions": []
        }
    },
    {
        "pk": 126,
        "model": "auth.group",
        "fields": {
            "name": "HC",
            "permissions": []
        }
    },
    {
        "pk": 128,
        "model": "auth.group",
        "fields": {
            "name": "DHT",
            "permissions": []
        }
    },
    {
        "pk": 130,
        "model": "auth.group",
        "fields": {
            "name": "Other CVS Reporters",
            "permissions": []
        }
    },
    {
        "pk": 1, 
        "model": "auth.user", 
        "fields": {
            "username": "admin", 
            "first_name": "", 
            "last_name": "", 
            "is_active": true, 
            "is_superuser": true, 
            "is_staff": true, 
            "last_login": "2011-10-27 12:16:06", 
            "groups": [], 
            "user_permissions": [], 
            "password": "sha1$1bb7f$6dee102de8a48539b5b9250bd29980a3aed1dee5", 
            "email": "david.a.mccann@gmail.com", 
            "date_joined": "2010-10-25 00:17:35"
        }
    },
    {
        "pk": 29, 
        "model": "rapidsms_xforms.xform", 
        "fields": {
            "name": "VHT Report", 
            "keyword": "com", 
            "created": "2011-10-02 11:52:39", 
            "restrict_message": null, 
            "modified": "2011-10-02 11:52:39", 
            "site": 1, 
            "owner": 1, 
            "separator": ",;:*.\\s\"", 
            "restrict_to": [], 
            "active": true, 
            "command_prefix": "", 
            "response": "", 
            "keyword_prefix": "", 
            "description": "Routine VHT Report of weekly aggregate indicators"
        }
    }, 
    {
        "pk": 30, 
        "model": "rapidsms_xforms.xform", 
        "fields": {
            "name": "ITP/OTP Treatment Report", 
            "keyword": "mal", 
            "created": "2011-10-02 11:52:39", 
            "restrict_message": null, 
            "modified": "2011-10-02 11:52:39", 
            "site": 1, 
            "owner": 1, 
            "separator": ",;:*.\\s\"", 
            "restrict_to": [], 
            "active": true, 
            "command_prefix": "", 
            "response": "", 
            "keyword_prefix": "", 
            "description": "Routine HC report of weekly itp/otp treatments"
        }
    }, 
    {
        "pk": 31, 
        "model": "rapidsms_xforms.xform", 
        "fields": {
            "name": "OTC/ITC Stock Report", 
            "keyword": "rutf", 
            "created": "2011-10-02 11:52:39", 
            "restrict_message": null, 
            "modified": "2011-10-02 11:52:39", 
            "site": 1, 
            "owner": 1, 
            "separator": ",;:*.\\s\"", 
            "restrict_to": [], 
            "active": true, 
            "command_prefix": "", 
            "response": "", 
            "keyword_prefix": "", 
            "description": "Routine HC report of weekly otc/itc stock reports"
        }
    }, 
    {
        "pk": 1, 
        "model": "rapidsms_xforms.xform", 
        "fields": {
            "name": "Epi Report", 
            "keyword": "epi", 
            "created": "2011-02-16 06:50:43", 
            "restrict_message": null, 
            "modified": "2011-10-03 15:30:43", 
            "site": 1, 
            "owner": 1, 
            "separator": ",;:*.\\s\"", 
            "restrict_to": [], 
            "active": true, 
            "command_prefix": "", 
            "response": "", 
            "keyword_prefix": "", 
            "description": "Weekly-submitted VHT epidemiological reports"
        }
    }, 
    {
        "pk": 6, 
        "model": "rapidsms_xforms.xform", 
        "fields": {
            "name": "Inpatient Treatment Report", 
            "keyword": "itp", 
            "created": "2011-02-16 06:50:43", 
            "restrict_message": null, 
            "modified": "2011-02-16 06:50:43", 
            "site": 1, 
            "owner": 1, 
            "separator": ",", 
            "restrict_to": [], 
            "active": true, 
            "command_prefix": "", 
            "response": "", 
            "keyword_prefix": "+", 
            "description": "Health Center report of an inpatient treatment"
        }
    }, 
    {
        "pk": 7, 
        "model": "rapidsms_xforms.xform", 
        "fields": {
            "name": "Outpatient Treatment Report", 
            "keyword": "otp", 
            "created": "2011-02-16 06:50:43", 
            "restrict_message": null, 
            "modified": "2011-02-16 06:50:43", 
            "site": 1, 
            "owner": 1, 
            "separator": ",", 
            "restrict_to": [], 
            "active": true, 
            "command_prefix": "", 
            "response": "", 
            "keyword_prefix": "+", 
            "description": "Health Center report of an outpatient treatment"
        }
    }, 
    {
        "pk": 8, 
        "model": "rapidsms_xforms.xform", 
        "fields": {
            "name": "Cure Treatment Report", 
            "keyword": "cure", 
            "created": "2011-02-16 06:50:43", 
            "restrict_message": null, 
            "modified": "2011-02-16 06:50:43", 
            "site": 1, 
            "owner": 1, 
            "separator": ",", 
            "restrict_to": [], 
            "active": true, 
            "command_prefix": "", 
            "response": "", 
            "keyword_prefix": "+", 
            "description": "Health Center report of patient cure"
        }
    }, 
    {
        "pk": 9, 
        "model": "rapidsms_xforms.xform", 
        "fields": {
            "name": "Registration", 
            "keyword": "reg", 
            "created": "2011-02-16 06:50:43", 
            "restrict_message": null, 
            "modified": "2011-02-16 06:50:43", 
            "site": 1, 
            "owner": 1, 
            "separator": ",", 
            "restrict_to": [], 
            "active": true, 
            "command_prefix": "", 
            "response": "", 
            "keyword_prefix": "+", 
            "description": "Registers a reporter with their name"
        }
    }, 
    {
        "pk": 10, 
        "model": "rapidsms_xforms.xform", 
        "fields": {
            "name": "PVHT Signup", 
            "keyword": "pvht", 
            "created": "2011-02-16 06:50:43", 
            "restrict_message": null, 
            "modified": "2011-02-16 06:50:43", 
            "site": 1, 
            "owner": 1, 
            "separator": ",", 
            "restrict_to": [], 
            "active": true, 
            "command_prefix": "", 
            "response": "", 
            "keyword_prefix": "+", 
            "description": "Registers a PVHT with their facility"
        }
    }, 
    {
        "pk": 11, 
        "model": "rapidsms_xforms.xform", 
        "fields": {
            "name": "VHT Signup", 
            "keyword": "vht", 
            "created": "2011-02-16 06:50:43", 
            "restrict_message": null, 
            "modified": "2011-02-16 06:50:43", 
            "site": 1, 
            "owner": 1, 
            "separator": ",", 
            "restrict_to": [], 
            "active": true, 
            "command_prefix": "", 
            "response": "", 
            "keyword_prefix": "+", 
            "description": "Registers a VHT with their facility"
        }
    }, 
    {
        "pk": 2, 
        "model": "rapidsms_xforms.xform", 
        "fields": {
            "name": "Home Report", 
            "keyword": "home", 
            "created": "2011-02-16 06:50:43", 
            "restrict_message": null, 
            "modified": "2011-03-02 14:31:17", 
            "site": 1, 
            "owner": 1, 
            "separator": ",;:*.\\s\"", 
            "restrict_to": [], 
            "active": true, 
            "command_prefix": "", 
            "response": "", 
            "keyword_prefix": "+", 
            "description": "Monthly-submitted PVHT home visitation reports"
        }
    }, 
    {
        "pk": 4, 
        "model": "rapidsms_xforms.xform", 
        "fields": {
            "name": "Birth Report", 
            "keyword": "birth", 
            "created": "2011-02-16 06:50:43", 
            "restrict_message": null, 
            "modified": "2011-03-04 09:37:07", 
            "site": 1, 
            "owner": 1, 
            "separator": ",;:*.\"", 
            "restrict_to": [], 
            "active": true, 
            "command_prefix": "", 
            "response": "", 
            "keyword_prefix": "+", 
            "description": "VHT report of a birth"
        }
    }, 
    {
        "pk": 3, 
        "model": "rapidsms_xforms.xform", 
        "fields": {
            "name": "Malnu Report", 
            "keyword": "muac", 
            "created": "2011-02-16 06:50:43", 
            "restrict_message": null, 
            "modified": "2011-03-04 09:37:30", 
            "site": 1, 
            "owner": 1, 
            "separator": ",;:*.\"", 
            "restrict_to": [], 
            "active": true, 
            "command_prefix": "", 
            "response": "", 
            "keyword_prefix": "+", 
            "description": "VHT report of child malnutrition"
        }
    }, 
    {
        "pk": 51, 
        "model": "rapidsms_xforms.xform", 
        "fields": {
            "name": "OPD report", 
            "keyword": "opd", 
            "created": "2011-11-02 10:25:27", 
            "restrict_message": null, 
            "modified": "2011-11-02 10:25:27", 
            "site": 1, 
            "owner": 1, 
            "separator": ",;:*.\\s\"", 
            "restrict_to": [], 
            "active": true, 
            "command_prefix": "", 
            "response": "Thank you for your report!", 
            "keyword_prefix": "", 
            "description": "OPD Summary"
        }
    }, 
    {
        "pk": 52, 
        "model": "rapidsms_xforms.xform", 
        "fields": {
            "name": "TEST report", 
            "keyword": "test", 
            "created": "2011-11-02 10:25:28", 
            "restrict_message": null, 
            "modified": "2011-11-02 10:25:28", 
            "site": 1, 
            "owner": 1, 
            "separator": ",;:*.\\s\"", 
            "restrict_to": [], 
            "active": true, 
            "command_prefix": "", 
            "response": "Thank you for your report!", 
            "keyword_prefix": "", 
            "description": "Confirmation of Malaria Cases"
        }
    }, 
    {
        "pk": 53, 
        "model": "rapidsms_xforms.xform", 
        "fields": {
            "name": "TREAT report", 
            "keyword": "treat", 
            "created": "2011-11-02 10:25:28", 
            "restrict_message": null, 
            "modified": "2011-11-02 10:25:28", 
            "site": 1, 
            "owner": 1, 
            "separator": ",;:*.\\s\"", 
            "restrict_to": [], 
            "active": true, 
            "command_prefix": "", 
            "response": "Thank you for your report!", 
            "keyword_prefix": "", 
            "description": "Summary of Malaria Cases Treated"
        }
    }, 
    {
        "pk": 54, 
        "model": "rapidsms_xforms.xform", 
        "fields": {
            "name": "RDT report", 
            "keyword": "rdt", 
            "created": "2011-11-02 10:25:28", 
            "restrict_message": null, 
            "modified": "2011-11-02 10:25:28", 
            "site": 1, 
            "owner": 1, 
            "separator": ",;:*.\\s\"", 
            "restrict_to": [], 
            "active": true, 
            "command_prefix": "", 
            "response": "Thank you for your report!", 
            "keyword_prefix": "", 
            "description": "RDT Stock Data"
        }
    }, 
    {
        "pk": 55, 
        "model": "rapidsms_xforms.xform", 
        "fields": {
            "name": "ACT report", 
            "keyword": "act", 
            "created": "2011-11-02 10:25:28", 
            "restrict_message": null, 
            "modified": "2011-11-02 10:25:28", 
            "site": 1, 
            "owner": 1, 
            "separator": ",;:*.\\s\"", 
            "restrict_to": [], 
            "active": true, 
            "command_prefix": "", 
            "response": "Thank you for your report!", 
            "keyword_prefix": "", 
            "description": "ACT Stock Data"
        }
    }, 
    {
        "pk": 56, 
        "model": "rapidsms_xforms.xform", 
        "fields": {
            "name": "QUN report", 
            "keyword": "qun", 
            "created": "2011-11-02 10:25:28", 
            "restrict_message": null, 
            "modified": "2011-11-02 10:25:28", 
            "site": 1, 
            "owner": 1, 
            "separator": ",;:*.\\s\"", 
            "restrict_to": [], 
            "active": true, 
            "command_prefix": "", 
            "response": "Thank you for your report!", 
            "keyword_prefix": "", 
            "description": "Other Malaria Stock Data"
        }
    }, 
    {
        "pk": 5, 
        "model": "rapidsms_xforms.xform", 
        "fields": {
            "name": "Death Report", 
            "keyword": "olddeath", 
            "created": "2011-02-16 06:50:43", 
            "restrict_message": null, 
            "modified": "2011-11-02 14:30:26", 
            "site": 1, 
            "owner": 1, 
            "separator": ",;:*.\"", 
            "restrict_to": [], 
            "active": false, 
            "command_prefix": "", 
            "response": "", 
            "keyword_prefix": "+", 
            "description": "VHT report of a death"
        }
    }, 
    {
        "pk": 57, 
        "model": "rapidsms_xforms.xform", 
        "fields": {
            "name": "Disease Report", 
            "keyword": "cases", 
            "created": "2011-11-02 14:30:34", 
            "restrict_message": null, 
            "modified": "2011-11-02 14:30:34", 
            "site": 1, 
            "owner": 1, 
            "separator": ",;:*.\\s\"", 
            "restrict_to": [], 
            "active": true, 
            "command_prefix": "", 
            "response": "Thank you for your report!", 
            "keyword_prefix": "", 
            "description": "HMIS 033B Disease Report"
        }
    }, 
    {
        "pk": 58, 
        "model": "rapidsms_xforms.xform", 
        "fields": {
            "name": "Death Report", 
            "keyword": "death", 
            "created": "2011-11-02 14:30:34", 
            "restrict_message": null, 
            "modified": "2011-11-02 14:30:34", 
            "site": 1, 
            "owner": 1, 
            "separator": ",;:*.\\s\"", 
            "restrict_to": [], 
            "active": true, 
            "command_prefix": "", 
            "response": "Thank you for your report!", 
            "keyword_prefix": "", 
            "description": "HMIS 033B Death Report"
        }
    }, 
    {
        "pk": 61, 
        "model": "rapidsms_xforms.xformfield", 
        "fields": {
            "field_type": "text", 
            "question": null, 
            "command": "name", 
            "order": 0, 
            "xform": 3
        }
    }, 
    {
        "pk": 66, 
        "model": "rapidsms_xforms.xformfield", 
        "fields": {
            "field_type": "text", 
            "question": null, 
            "command": "name", 
            "order": 0, 
            "xform": 5
        }
    }, 
    {
        "pk": 69, 
        "model": "rapidsms_xforms.xformfield", 
        "fields": {
            "field_type": "text", 
            "question": null, 
            "command": "name", 
            "order": 0, 
            "xform": 4
        }
    }, 
    {
        "pk": 72, 
        "model": "rapidsms_xforms.xformfield", 
        "fields": {
            "field_type": "fuzzynum", 
            "question": null, 
            "command": "bd", 
            "order": 0, 
            "xform": 1
        }
    }, 
    {
        "pk": 87, 
        "model": "rapidsms_xforms.xformfield", 
        "fields": {
            "field_type": "fuzzynum", 
            "question": null, 
            "command": "to", 
            "order": 0, 
            "xform": 2
        }
    }, 
    {
        "pk": 92, 
        "model": "rapidsms_xforms.xformfield", 
        "fields": {
            "field_type": "text", 
            "question": null, 
            "command": "name", 
            "order": 0, 
            "xform": 9
        }
    }, 
    {
        "pk": 93, 
        "model": "rapidsms_xforms.xformfield", 
        "fields": {
            "field_type": "facility", 
            "question": null, 
            "command": "facility", 
            "order": 0, 
            "xform": 10
        }
    }, 
    {
        "pk": 94, 
        "model": "rapidsms_xforms.xformfield", 
        "fields": {
            "field_type": "facility", 
            "question": null, 
            "command": "facility", 
            "order": 0, 
            "xform": 11
        }
    }, 
    {
        "pk": 184, 
        "model": "rapidsms_xforms.xformfield", 
        "fields": {
            "field_type": "fuzzynum", 
            "question": null, 
            "command": "fever", 
            "order": 0, 
            "xform": 29
        }
    }, 
    {
        "pk": 191, 
        "model": "rapidsms_xforms.xformfield", 
        "fields": {
            "field_type": "fuzzynum", 
            "question": null, 
            "command": "total_new", 
            "order": 0, 
            "xform": 30
        }
    }, 
    {
        "pk": 195, 
        "model": "rapidsms_xforms.xformfield", 
        "fields": {
            "field_type": "int", 
            "question": null, 
            "command": "new_f75_stock", 
            "order": 0, 
            "xform": 31
        }
    }, 
    {
        "pk": 319, 
        "model": "rapidsms_xforms.xformfield", 
        "fields": {
            "field_type": "fuzzynum", 
            "question": null, 
            "command": "att", 
            "order": 0, 
            "xform": 51
        }
    }, 
    {
        "pk": 323, 
        "model": "rapidsms_xforms.xformfield", 
        "fields": {
            "field_type": "fuzzynum", 
            "question": null, 
            "command": "sm", 
            "order": 0, 
            "xform": 52
        }
    },
    {
        "pk": 386, 
        "model": "rapidsms_xforms.xformfield", 
        "fields": {
            "field_type": "fuzzynum", 
            "question": null, 
            "command": "tnt", 
            "order": 0, 
            "xform": 53
        }
    },      
    {
        "pk": 330, 
        "model": "rapidsms_xforms.xformfield", 
        "fields": {
            "field_type": "fuzzynum", 
            "question": null, 
            "command": "rdn", 
            "order": 1, 
            "xform": 53
        }
    }, 
    {
        "pk": 338, 
        "model": "rapidsms_xforms.xformfield", 
        "fields": {
            "field_type": "fuzzynum", 
            "question": null, 
            "command": "rdd", 
            "order": 0, 
            "xform": 54
        }
    }, 
    {
        "pk": 340, 
        "model": "rapidsms_xforms.xformfield", 
        "fields": {
            "field_type": "fuzzynum", 
            "question": null, 
            "command": "spd", 
            "order": 0, 
            "xform": 55
        }
    }, 
    {
        "pk": 348, 
        "model": "rapidsms_xforms.xformfield", 
        "fields": {
            "field_type": "fuzzynum", 
            "question": null, 
            "command": "oad", 
            "order": 0, 
            "xform": 56
        }
    }, 
    {
        "pk": 352, 
        "model": "rapidsms_xforms.xformfield", 
        "fields": {
            "field_type": "fuzzynum", 
            "question": null, 
            "command": "ma", 
            "order": 0, 
            "xform": 57
        }
    }, 
    {
        "pk": 353, 
        "model": "rapidsms_xforms.xformfield", 
        "fields": {
            "field_type": "fuzzynum", 
            "question": null, 
            "command": "ma", 
            "order": 0, 
            "xform": 58
        }
    }, 
    {
        "pk": 62, 
        "model": "rapidsms_xforms.xformfield", 
        "fields": {
            "field_type": "cvssex", 
            "question": null, 
            "command": "gender", 
            "order": 1, 
            "xform": 3
        }
    }, 
    {
        "pk": 67, 
        "model": "rapidsms_xforms.xformfield", 
        "fields": {
            "field_type": "cvssex", 
            "question": null, 
            "command": "gender", 
            "order": 1, 
            "xform": 5
        }
    }, 
    {
        "pk": 70, 
        "model": "rapidsms_xforms.xformfield", 
        "fields": {
            "field_type": "cvssex", 
            "question": null, 
            "command": "gender", 
            "order": 1, 
            "xform": 4
        }
    }, 
    {
        "pk": 73, 
        "model": "rapidsms_xforms.xformfield", 
        "fields": {
            "field_type": "fuzzynum", 
            "question": null, 
            "command": "ma", 
            "order": 1, 
            "xform": 1
        }
    }, 
    {
        "pk": 88, 
        "model": "rapidsms_xforms.xformfield", 
        "fields": {
            "field_type": "fuzzynum", 
            "question": null, 
            "command": "it", 
            "order": 1, 
            "xform": 2
        }
    }, 
    {
        "pk": 185, 
        "model": "rapidsms_xforms.xformfield", 
        "fields": {
            "field_type": "fuzzynum", 
            "question": null, 
            "command": "diarrhea", 
            "order": 1, 
            "xform": 29
        }
    }, 
    {
        "pk": 192, 
        "model": "rapidsms_xforms.xformfield", 
        "fields": {
            "field_type": "fuzzynum", 
            "question": null, 
            "command": "total_death", 
            "order": 1, 
            "xform": 30
        }
    }, 
    {
        "pk": 196, 
        "model": "rapidsms_xforms.xformfield", 
        "fields": {
            "field_type": "int", 
            "question": null, 
            "command": "closing_f75_stock", 
            "order": 1, 
            "xform": 31
        }
    }, 
    {
        "pk": 320, 
        "model": "rapidsms_xforms.xformfield", 
        "fields": {
            "field_type": "fuzzynum", 
            "question": null, 
            "command": "nat", 
            "order": 1, 
            "xform": 51
        }
    }, 
    {
        "pk": 324, 
        "model": "rapidsms_xforms.xformfield", 
        "fields": {
            "field_type": "fuzzynum", 
            "question": null, 
            "command": "rdt", 
            "order": 1, 
            "xform": 52
        }
    }, 
    {
        "pk": 331, 
        "model": "rapidsms_xforms.xformfield", 
        "fields": {
            "field_type": "fuzzynum", 
            "question": null, 
            "command": "rdp", 
            "order": 2, 
            "xform": 53
        }
    }, 
    {
        "pk": 339, 
        "model": "rapidsms_xforms.xformfield", 
        "fields": {
            "field_type": "fuzzynum", 
            "question": null, 
            "command": "rds", 
            "order": 1, 
            "xform": 54
        }
    }, 
    {
        "pk": 341, 
        "model": "rapidsms_xforms.xformfield", 
        "fields": {
            "field_type": "fuzzynum", 
            "question": null, 
            "command": "sps", 
            "order": 1, 
            "xform": 55
        }
    }, 
    {
        "pk": 349, 
        "model": "rapidsms_xforms.xformfield", 
        "fields": {
            "field_type": "fuzzynum", 
            "question": null, 
            "command": "oas", 
            "order": 1, 
            "xform": 56
        }
    }, 
    {
        "pk": 354, 
        "model": "rapidsms_xforms.xformfield", 
        "fields": {
            "field_type": "fuzzynum", 
            "question": null, 
            "command": "dy", 
            "order": 1, 
            "xform": 57
        }
    }, 
    {
        "pk": 355, 
        "model": "rapidsms_xforms.xformfield", 
        "fields": {
            "field_type": "fuzzynum", 
            "question": null, 
            "command": "dy", 
            "order": 1, 
            "xform": 58
        }
    }, 
    {
        "pk": 63, 
        "model": "rapidsms_xforms.xformfield", 
        "fields": {
            "field_type": "cvstdelt", 
            "question": null, 
            "command": "age", 
            "order": 2, 
            "xform": 3
        }
    }, 
    {
        "pk": 68, 
        "model": "rapidsms_xforms.xformfield", 
        "fields": {
            "field_type": "cvstdelt", 
            "question": null, 
            "command": "age", 
            "order": 2, 
            "xform": 5
        }
    }, 
    {
        "pk": 71, 
        "model": "rapidsms_xforms.xformfield", 
        "fields": {
            "field_type": "cvsloc", 
            "question": null, 
            "command": "place", 
            "order": 2, 
            "xform": 4
        }
    }, 
    {
        "pk": 74, 
        "model": "rapidsms_xforms.xformfield", 
        "fields": {
            "field_type": "fuzzynum", 
            "question": null, 
            "command": "tb", 
            "order": 2, 
            "xform": 1
        }
    }, 
    {
        "pk": 89, 
        "model": "rapidsms_xforms.xformfield", 
        "fields": {
            "field_type": "fuzzynum", 
            "question": null, 
            "command": "la", 
            "order": 2, 
            "xform": 2
        }
    }, 
    {
        "pk": 193, 
        "model": "rapidsms_xforms.xformfield", 
        "fields": {
            "field_type": "fuzzynum", 
            "question": null, 
            "command": "total_default", 
            "order": 2, 
            "xform": 30
        }
    }, 
    {
        "pk": 197, 
        "model": "rapidsms_xforms.xformfield", 
        "fields": {
            "field_type": "int", 
            "question": null, 
            "command": "new_rutf_stock", 
            "order": 2, 
            "xform": 31
        }
    }, 
    {
        "pk": 199, 
        "model": "rapidsms_xforms.xformfield", 
        "fields": {
            "field_type": "fuzzynum", 
            "question": null, 
            "command": "fastbreath", 
            "order": 2, 
            "xform": 29
        }
    }, 
    {
        "pk": 321, 
        "model": "rapidsms_xforms.xformfield", 
        "fields": {
            "field_type": "fuzzynum", 
            "question": null, 
            "command": "md", 
            "order": 2, 
            "xform": 51
        }
    }, 
    {
        "pk": 325, 
        "model": "rapidsms_xforms.xformfield", 
        "fields": {
            "field_type": "fuzzynum", 
            "question": null, 
            "command": "rdp", 
            "order": 2, 
            "xform": 52
        }
    }, 
    {
        "pk": 332, 
        "model": "rapidsms_xforms.xformfield", 
        "fields": {
            "field_type": "fuzzynum", 
            "question": null, 
            "command": "mtn", 
            "order": 3, 
            "xform": 53
        }
    }, 
    {
        "pk": 342, 
        "model": "rapidsms_xforms.xformfield", 
        "fields": {
            "field_type": "fuzzynum", 
            "question": null, 
            "command": "tpd", 
            "order": 2, 
            "xform": 55
        }
    }, 
    {
        "pk": 350, 
        "model": "rapidsms_xforms.xformfield", 
        "fields": {
            "field_type": "fuzzynum", 
            "question": null, 
            "command": "qud", 
            "order": 2, 
            "xform": 56
        }
    }, 
    {
        "pk": 356, 
        "model": "rapidsms_xforms.xformfield", 
        "fields": {
            "field_type": "fuzzynum", 
            "question": null, 
            "command": "sa", 
            "order": 2, 
            "xform": 57
        }
    }, 
    {
        "pk": 357, 
        "model": "rapidsms_xforms.xformfield", 
        "fields": {
            "field_type": "fuzzynum", 
            "question": null, 
            "command": "sa", 
            "order": 2, 
            "xform": 58
        }
    }, 
    {
        "pk": 64, 
        "model": "rapidsms_xforms.xformfield", 
        "fields": {
            "field_type": "cvsmuacr", 
            "question": null, 
            "command": "category", 
            "order": 3, 
            "xform": 3
        }
    }, 
    {
        "pk": 75, 
        "model": "rapidsms_xforms.xformfield", 
        "fields": {
            "field_type": "fuzzynum", 
            "question": null, 
            "command": "ab", 
            "order": 3, 
            "xform": 1
        }
    }, 
    {
        "pk": 90, 
        "model": "rapidsms_xforms.xformfield", 
        "fields": {
            "field_type": "fuzzynum", 
            "question": null, 
            "command": "ha", 
            "order": 3, 
            "xform": 2
        }
    }, 
    {
        "pk": 186, 
        "model": "rapidsms_xforms.xformfield", 
        "fields": {
            "field_type": "fuzzynum", 
            "question": null, 
            "command": "death", 
            "order": 3, 
            "xform": 29
        }
    }, 
    {
        "pk": 194, 
        "model": "rapidsms_xforms.xformfield", 
        "fields": {
            "field_type": "fuzzynum", 
            "question": null, 
            "command": "total_admissions", 
            "order": 3, 
            "xform": 30
        }
    }, 
    {
        "pk": 198, 
        "model": "rapidsms_xforms.xformfield", 
        "fields": {
            "field_type": "int", 
            "question": null, 
            "command": "closing_rutf_stock", 
            "order": 3, 
            "xform": 31
        }
    }, 
    {
        "pk": 322, 
        "model": "rapidsms_xforms.xformfield", 
        "fields": {
            "field_type": "fuzzynum", 
            "question": null, 
            "command": "pd", 
            "order": 3, 
            "xform": 51
        }
    }, 
    {
        "pk": 326, 
        "model": "rapidsms_xforms.xformfield", 
        "fields": {
            "field_type": "fuzzynum", 
            "question": null, 
            "command": "mtc", 
            "order": 3, 
            "xform": 52
        }
    }, 
    {
        "pk": 333, 
        "model": "rapidsms_xforms.xformfield", 
        "fields": {
            "field_type": "fuzzynum", 
            "question": null, 
            "command": "mtp", 
            "order": 4, 
            "xform": 53
        }
    }, 
    {
        "pk": 343, 
        "model": "rapidsms_xforms.xformfield", 
        "fields": {
            "field_type": "fuzzynum", 
            "question": null, 
            "command": "tps", 
            "order": 3, 
            "xform": 55
        }
    }, 
    {
        "pk": 351, 
        "model": "rapidsms_xforms.xformfield", 
        "fields": {
            "field_type": "fuzzynum", 
            "question": null, 
            "command": "qus", 
            "order": 3, 
            "xform": 56
        }
    }, 
    {
        "pk": 358, 
        "model": "rapidsms_xforms.xformfield", 
        "fields": {
            "field_type": "fuzzynum", 
            "question": null, 
            "command": "af", 
            "order": 3, 
            "xform": 57
        }
    }, 
    {
        "pk": 359, 
        "model": "rapidsms_xforms.xformfield", 
        "fields": {
            "field_type": "fuzzynum", 
            "question": null, 
            "command": "af", 
            "order": 3, 
            "xform": 58
        }
    }, 
    {
        "pk": 65, 
        "model": "rapidsms_xforms.xformfield", 
        "fields": {
            "field_type": "cvsodema", 
            "question": null, 
            "command": "ignored", 
            "order": 4, 
            "xform": 3
        }
    }, 
    {
        "pk": 76, 
        "model": "rapidsms_xforms.xformfield", 
        "fields": {
            "field_type": "fuzzynum", 
            "question": null, 
            "command": "af", 
            "order": 4, 
            "xform": 1
        }
    }, 
    {
        "pk": 91, 
        "model": "rapidsms_xforms.xformfield", 
        "fields": {
            "field_type": "fuzzynum", 
            "question": null, 
            "command": "wa", 
            "order": 4, 
            "xform": 2
        }
    }, 
    {
        "pk": 187, 
        "model": "rapidsms_xforms.xformfield", 
        "fields": {
            "field_type": "fuzzynum", 
            "question": null, 
            "command": "bi_od", 
            "order": 4, 
            "xform": 29
        }
    }, 
    {
        "pk": 327, 
        "model": "rapidsms_xforms.xformfield", 
        "fields": {
            "field_type": "fuzzynum", 
            "question": null, 
            "command": "mtp", 
            "order": 4, 
            "xform": 52
        }
    }, 
    {
        "pk": 334, 
        "model": "rapidsms_xforms.xformfield", 
        "fields": {
            "field_type": "fuzzynum", 
            "question": null, 
            "command": "tin", 
            "order": 5, 
            "xform": 53
        }
    }, 
    {
        "pk": 344, 
        "model": "rapidsms_xforms.xformfield", 
        "fields": {
            "field_type": "fuzzynum", 
            "question": null, 
            "command": "epd", 
            "order": 4, 
            "xform": 55
        }
    }, 
    {
        "pk": 360, 
        "model": "rapidsms_xforms.xformfield", 
        "fields": {
            "field_type": "fuzzynum", 
            "question": null, 
            "command": "ae", 
            "order": 4, 
            "xform": 57
        }
    }, 
    {
        "pk": 361, 
        "model": "rapidsms_xforms.xformfield", 
        "fields": {
            "field_type": "fuzzynum", 
            "question": null, 
            "command": "ae", 
            "order": 4, 
            "xform": 58
        }
    }, 
    {
        "pk": 77, 
        "model": "rapidsms_xforms.xformfield", 
        "fields": {
            "field_type": "fuzzynum", 
            "question": null, 
            "command": "mg", 
            "order": 5, 
            "xform": 1
        }
    }, 
    {
        "pk": 188, 
        "model": "rapidsms_xforms.xformfield", 
        "fields": {
            "field_type": "fuzzynum", 
            "question": null, 
            "command": "muac_red", 
            "order": 5, 
            "xform": 29
        }
    }, 
    {
        "pk": 328, 
        "model": "rapidsms_xforms.xformfield", 
        "fields": {
            "field_type": "fuzzynum", 
            "question": null, 
            "command": "pcc", 
            "order": 5, 
            "xform": 52
        }
    }, 
    {
        "pk": 335, 
        "model": "rapidsms_xforms.xformfield", 
        "fields": {
            "field_type": "fuzzynum", 
            "question": null, 
            "command": "tic", 
            "order": 6, 
            "xform": 53
        }
    }, 
    {
        "pk": 345, 
        "model": "rapidsms_xforms.xformfield", 
        "fields": {
            "field_type": "fuzzynum", 
            "question": null, 
            "command": "eps", 
            "order": 5, 
            "xform": 55
        }
    }, 
    {
        "pk": 362, 
        "model": "rapidsms_xforms.xformfield", 
        "fields": {
            "field_type": "fuzzynum", 
            "question": null, 
            "command": "ab", 
            "order": 5, 
            "xform": 57
        }
    }, 
    {
        "pk": 363, 
        "model": "rapidsms_xforms.xformfield", 
        "fields": {
            "field_type": "fuzzynum", 
            "question": null, 
            "command": "ab", 
            "order": 5, 
            "xform": 58
        }
    }, 
    {
        "pk": 78, 
        "model": "rapidsms_xforms.xformfield", 
        "fields": {
            "field_type": "fuzzynum", 
            "question": null, 
            "command": "me", 
            "order": 6, 
            "xform": 1
        }
    }, 
    {
        "pk": 189, 
        "model": "rapidsms_xforms.xformfield", 
        "fields": {
            "field_type": "fuzzynum", 
            "question": null, 
            "command": "muac_yellow", 
            "order": 6, 
            "xform": 29
        }
    }, 
    {
        "pk": 329, 
        "model": "rapidsms_xforms.xformfield", 
        "fields": {
            "field_type": "fuzzynum", 
            "question": null, 
            "command": "pcy", 
            "order": 6, 
            "xform": 52
        }
    }, 
    {
        "pk": 336, 
        "model": "rapidsms_xforms.xformfield", 
        "fields": {
            "field_type": "fuzzynum", 
            "question": null, 
            "command": "tiy", 
            "order": 7, 
            "xform": 53
        }
    }, 
    {
        "pk": 346, 
        "model": "rapidsms_xforms.xformfield", 
        "fields": {
            "field_type": "fuzzynum", 
            "question": null, 
            "command": "fpd", 
            "order": 6, 
            "xform": 55
        }
    }, 
    {
        "pk": 364, 
        "model": "rapidsms_xforms.xformfield", 
        "fields": {
            "field_type": "fuzzynum", 
            "question": null, 
            "command": "mg", 
            "order": 6, 
            "xform": 57
        }
    }, 
    {
        "pk": 365, 
        "model": "rapidsms_xforms.xformfield", 
        "fields": {
            "field_type": "fuzzynum", 
            "question": null, 
            "command": "mg", 
            "order": 6, 
            "xform": 58
        }
    }, 
    {
        "pk": 79, 
        "model": "rapidsms_xforms.xformfield", 
        "fields": {
            "field_type": "fuzzynum", 
            "question": null, 
            "command": "ch", 
            "order": 7, 
            "xform": 1
        }
    }, 
    {
        "pk": 190, 
        "model": "rapidsms_xforms.xformfield", 
        "fields": {
            "field_type": "fuzzynum", 
            "question": null, 
            "command": "muac_green", 
            "order": 7, 
            "xform": 29
        }
    }, 
    {
        "pk": 337, 
        "model": "rapidsms_xforms.xformfield", 
        "fields": {
            "field_type": "fuzzynum", 
            "question": null, 
            "command": "tia", 
            "order": 8, 
            "xform": 53
        }
    }, 
    {
        "pk": 347, 
        "model": "rapidsms_xforms.xformfield", 
        "fields": {
            "field_type": "fuzzynum", 
            "question": null, 
            "command": "fps", 
            "order": 7, 
            "xform": 55
        }
    }, 
    {
        "pk": 366, 
        "model": "rapidsms_xforms.xformfield", 
        "fields": {
            "field_type": "fuzzynum", 
            "question": null, 
            "command": "ch", 
            "order": 7, 
            "xform": 57
        }
    }, 
    {
        "pk": 367, 
        "model": "rapidsms_xforms.xformfield", 
        "fields": {
            "field_type": "fuzzynum", 
            "question": null, 
            "command": "ch", 
            "order": 7, 
            "xform": 58
        }
    }, 
    {
        "pk": 80, 
        "model": "rapidsms_xforms.xformfield", 
        "fields": {
            "field_type": "fuzzynum", 
            "question": null, 
            "command": "gw", 
            "order": 8, 
            "xform": 1
        }
    }, 
    {
        "pk": 368, 
        "model": "rapidsms_xforms.xformfield", 
        "fields": {
            "field_type": "fuzzynum", 
            "question": null, 
            "command": "gw", 
            "order": 8, 
            "xform": 57
        }
    }, 
    {
        "pk": 369, 
        "model": "rapidsms_xforms.xformfield", 
        "fields": {
            "field_type": "fuzzynum", 
            "question": null, 
            "command": "gw", 
            "order": 8, 
            "xform": 58
        }
    }, 
    {
        "pk": 81, 
        "model": "rapidsms_xforms.xformfield", 
        "fields": {
            "field_type": "fuzzynum", 
            "question": null, 
            "command": "nt", 
            "order": 9, 
            "xform": 1
        }
    }, 
    {
        "pk": 370, 
        "model": "rapidsms_xforms.xformfield", 
        "fields": {
            "field_type": "fuzzynum", 
            "question": null, 
            "command": "me", 
            "order": 9, 
            "xform": 57
        }
    }, 
    {
        "pk": 371, 
        "model": "rapidsms_xforms.xformfield", 
        "fields": {
            "field_type": "fuzzynum", 
            "question": null, 
            "command": "me", 
            "order": 9, 
            "xform": 58
        }
    }, 
    {
        "pk": 82, 
        "model": "rapidsms_xforms.xformfield", 
        "fields": {
            "field_type": "fuzzynum", 
            "question": null, 
            "command": "yf", 
            "order": 10, 
            "xform": 1
        }
    }, 
    {
        "pk": 372, 
        "model": "rapidsms_xforms.xformfield", 
        "fields": {
            "field_type": "fuzzynum", 
            "question": null, 
            "command": "nt", 
            "order": 10, 
            "xform": 57
        }
    }, 
    {
        "pk": 373, 
        "model": "rapidsms_xforms.xformfield", 
        "fields": {
            "field_type": "fuzzynum", 
            "question": null, 
            "command": "nt", 
            "order": 10, 
            "xform": 58
        }
    }, 
    {
        "pk": 83, 
        "model": "rapidsms_xforms.xformfield", 
        "fields": {
            "field_type": "fuzzynum", 
            "question": null, 
            "command": "pl", 
            "order": 11, 
            "xform": 1
        }
    }, 
    {
        "pk": 374, 
        "model": "rapidsms_xforms.xformfield", 
        "fields": {
            "field_type": "fuzzynum", 
            "question": null, 
            "command": "id", 
            "order": 11, 
            "xform": 57
        }
    }, 
    {
        "pk": 375, 
        "model": "rapidsms_xforms.xformfield", 
        "fields": {
            "field_type": "fuzzynum", 
            "question": null, 
            "command": "id", 
            "order": 11, 
            "xform": 58
        }
    }, 
    {
        "pk": 84, 
        "model": "rapidsms_xforms.xformfield", 
        "fields": {
            "field_type": "fuzzynum", 
            "question": null, 
            "command": "ra", 
            "order": 12, 
            "xform": 1
        }
    }, 
    {
        "pk": 376, 
        "model": "rapidsms_xforms.xformfield", 
        "fields": {
            "field_type": "fuzzynum", 
            "question": null, 
            "command": "vf", 
            "order": 12, 
            "xform": 57
        }
    }, 
    {
        "pk": 377, 
        "model": "rapidsms_xforms.xformfield", 
        "fields": {
            "field_type": "fuzzynum", 
            "question": null, 
            "command": "vf", 
            "order": 12, 
            "xform": 58
        }
    }, 
    {
        "pk": 85, 
        "model": "rapidsms_xforms.xformfield", 
        "fields": {
            "field_type": "fuzzynum", 
            "question": null, 
            "command": "vf", 
            "order": 13, 
            "xform": 1
        }
    }, 
    {
        "pk": 378, 
        "model": "rapidsms_xforms.xformfield", 
        "fields": {
            "field_type": "fuzzynum", 
            "question": null, 
            "command": "pl", 
            "order": 13, 
            "xform": 57
        }
    }, 
    {
        "pk": 379, 
        "model": "rapidsms_xforms.xformfield", 
        "fields": {
            "field_type": "fuzzynum", 
            "question": null, 
            "command": "pl", 
            "order": 13, 
            "xform": 58
        }
    }, 
    {
        "pk": 86, 
        "model": "rapidsms_xforms.xformfield", 
        "fields": {
            "field_type": "fuzzynum", 
            "question": null, 
            "command": "ei", 
            "order": 14, 
            "xform": 1
        }
    }, 
    {
        "pk": 380, 
        "model": "rapidsms_xforms.xformfield", 
        "fields": {
            "field_type": "fuzzynum", 
            "question": null, 
            "command": "rb", 
            "order": 14, 
            "xform": 57
        }
    }, 
    {
        "pk": 381, 
        "model": "rapidsms_xforms.xformfield", 
        "fields": {
            "field_type": "fuzzynum", 
            "question": null, 
            "command": "rb", 
            "order": 14, 
            "xform": 58
        }
    }, 
    {
        "pk": 200, 
        "model": "rapidsms_xforms.xformfield", 
        "fields": {
            "field_type": "fuzzynum", 
            "question": null, 
            "command": "dy", 
            "order": 15, 
            "xform": 1
        }
    }, 
    {
        "pk": 382, 
        "model": "rapidsms_xforms.xformfield", 
        "fields": {
            "field_type": "fuzzynum", 
            "question": null, 
            "command": "tf", 
            "order": 15, 
            "xform": 57
        }
    }, 
    {
        "pk": 383, 
        "model": "rapidsms_xforms.xformfield", 
        "fields": {
            "field_type": "fuzzynum", 
            "question": null, 
            "command": "tf", 
            "order": 15, 
            "xform": 58
        }
    }, 
    {
        "pk": 201, 
        "model": "rapidsms_xforms.xformfield", 
        "fields": {
            "field_type": "fuzzynum", 
            "question": null, 
            "command": "rb", 
            "order": 16, 
            "xform": 1
        }
    }, 
    {
        "pk": 384, 
        "model": "rapidsms_xforms.xformfield", 
        "fields": {
            "field_type": "fuzzynum", 
            "question": null, 
            "command": "yf", 
            "order": 16, 
            "xform": 57
        }
    }, 
    {
        "pk": 385, 
        "model": "rapidsms_xforms.xformfield", 
        "fields": {
            "field_type": "fuzzynum", 
            "question": null, 
            "command": "yf", 
            "order": 16, 
            "xform": 58
        }
    }, 
    {
        "pk": 2, 
        "model": "rapidsms_xforms.xformfieldconstraint", 
        "fields": {
            "test": null, 
            "field": 62, 
            "message": "Expected The gender of the malnourished patient, none provided.", 
            "type": "req_val", 
            "order": 1000
        }
    }, 
    {
        "pk": 3, 
        "model": "rapidsms_xforms.xformfieldconstraint", 
        "fields": {
            "test": null, 
            "field": 63, 
            "message": "Expected The age of the malnurished patient, none provided.", 
            "type": "req_val", 
            "order": 1000
        }
    }, 
    {
        "pk": 4, 
        "model": "rapidsms_xforms.xformfieldconstraint", 
        "fields": {
            "test": null, 
            "field": 64, 
            "message": "Expected Red, yellow, or green case of malnutrition, none provided.", 
            "type": "req_val", 
            "order": 1000
        }
    }, 
    {
        "pk": 5, 
        "model": "rapidsms_xforms.xformfieldconstraint", 
        "fields": {
            "test": null, 
            "field": 66, 
            "message": "Expected The name of the person who has died, none provided.", 
            "type": "req_val", 
            "order": 1000
        }
    }, 
    {
        "pk": 6, 
        "model": "rapidsms_xforms.xformfieldconstraint", 
        "fields": {
            "test": null, 
            "field": 67, 
            "message": "Expected The gender of the person who has died, none provided.", 
            "type": "req_val", 
            "order": 1000
        }
    }, 
    {
        "pk": 7, 
        "model": "rapidsms_xforms.xformfieldconstraint", 
        "fields": {
            "test": null, 
            "field": 68, 
            "message": "Expected The age of the person who has died, none provided.", 
            "type": "req_val", 
            "order": 1000
        }
    }, 
    {
        "pk": 8, 
        "model": "rapidsms_xforms.xformfieldconstraint", 
        "fields": {
            "test": null, 
            "field": 69, 
            "message": "Expected The name of the child born, none provided.", 
            "type": "req_val", 
            "order": 1000
        }
    }, 
    {
        "pk": 9, 
        "model": "rapidsms_xforms.xformfieldconstraint", 
        "fields": {
            "test": null, 
            "field": 70, 
            "message": "Expected The gender of the child born, none provided.", 
            "type": "req_val", 
            "order": 1000
        }
    }, 
    {
        "pk": 10, 
        "model": "rapidsms_xforms.xformfieldconstraint", 
        "fields": {
            "test": null, 
            "field": 71, 
            "message": "Expected At home or at a health facility, none provided.", 
            "type": "req_val", 
            "order": 1000
        }
    }, 
    {
        "pk": 11, 
        "model": "rapidsms_xforms.xformfieldconstraint", 
        "fields": {
            "test": null, 
            "field": 92, 
            "message": "Expected Your name, none provided.", 
            "type": "req_val", 
            "order": 1000
        }
    }, 
    {
        "pk": 12, 
        "model": "rapidsms_xforms.xformfieldconstraint", 
        "fields": {
            "test": null, 
            "field": 93, 
            "message": "Expected Your facility code, none provided.", 
            "type": "req_val", 
            "order": 1000
        }
    }, 
    {
        "pk": 13, 
        "model": "rapidsms_xforms.xformfieldconstraint", 
        "fields": {
            "test": null, 
            "field": 94, 
            "message": "Expected Your facility code, none provided.", 
            "type": "req_val", 
            "order": 1000
        }
    }, 
    {
        "pk": 96, 
        "model": "rapidsms_xforms.xformfieldconstraint", 
        "fields": {
            "test": null, 
            "field": 184, 
            "message": "Expected fever, none provided.", 
            "type": "req_val", 
            "order": 1000
        }
    }, 
    {
        "pk": 97, 
        "model": "rapidsms_xforms.xformfieldconstraint", 
        "fields": {
            "test": null, 
            "field": 185, 
            "message": "Expected diarrhea, none provided.", 
            "type": "req_val", 
            "order": 1000
        }
    }, 
    {
        "pk": 111, 
        "model": "rapidsms_xforms.xformfieldconstraint", 
        "fields": {
            "test": null, 
            "field": 199, 
            "message": "Expected fast breathing, none provided.", 
            "type": "req_val", 
            "order": 1000
        }
    }, 
    {
        "pk": 98, 
        "model": "rapidsms_xforms.xformfieldconstraint", 
        "fields": {
            "test": null, 
            "field": 186, 
            "message": "Expected deaths, none provided.", 
            "type": "req_val", 
            "order": 1000
        }
    }, 
    {
        "pk": 99, 
        "model": "rapidsms_xforms.xformfieldconstraint", 
        "fields": {
            "test": null, 
            "field": 187, 
            "message": "Expected OE, none provided.", 
            "type": "req_val", 
            "order": 1000
        }
    }, 
    {
        "pk": 100, 
        "model": "rapidsms_xforms.xformfieldconstraint", 
        "fields": {
            "test": null, 
            "field": 188, 
            "message": "Expected Red, none provided.", 
            "type": "req_val", 
            "order": 1000
        }
    }, 
    {
        "pk": 101, 
        "model": "rapidsms_xforms.xformfieldconstraint", 
        "fields": {
            "test": null, 
            "field": 189, 
            "message": "Expected Yel, none provided.", 
            "type": "req_val", 
            "order": 1000
        }
    }, 
    {
        "pk": 102, 
        "model": "rapidsms_xforms.xformfieldconstraint", 
        "fields": {
            "test": null, 
            "field": 190, 
            "message": "Expected Green, none provided.", 
            "type": "req_val", 
            "order": 1000
        }
    }, 
    {
        "pk": 103, 
        "model": "rapidsms_xforms.xformfieldconstraint", 
        "fields": {
            "test": null, 
            "field": 191, 
            "message": "Expected new admissions, none provided.", 
            "type": "req_val", 
            "order": 1000
        }
    }, 
    {
        "pk": 104, 
        "model": "rapidsms_xforms.xformfieldconstraint", 
        "fields": {
            "test": null, 
            "field": 192, 
            "message": "Expected deaths, none provided.", 
            "type": "req_val", 
            "order": 1000
        }
    }, 
    {
        "pk": 105, 
        "model": "rapidsms_xforms.xformfieldconstraint", 
        "fields": {
            "test": null, 
            "field": 193, 
            "message": "Expected defaults, none provided.", 
            "type": "req_val", 
            "order": 1000
        }
    }, 
    {
        "pk": 106, 
        "model": "rapidsms_xforms.xformfieldconstraint", 
        "fields": {
            "test": null, 
            "field": 194, 
            "message": "Expected total admissions, none provided.", 
            "type": "req_val", 
            "order": 1000
        }
    }, 
    {
        "pk": 107, 
        "model": "rapidsms_xforms.xformfieldconstraint", 
        "fields": {
            "test": null, 
            "field": 195, 
            "message": "Expected F-75 New, none provided.", 
            "type": "req_val", 
            "order": 1000
        }
    }, 
    {
        "pk": 108, 
        "model": "rapidsms_xforms.xformfieldconstraint", 
        "fields": {
            "test": null, 
            "field": 196, 
            "message": "Expected F-75 Balance, none provided.", 
            "type": "req_val", 
            "order": 1000
        }
    }, 
    {
        "pk": 109, 
        "model": "rapidsms_xforms.xformfieldconstraint", 
        "fields": {
            "test": null, 
            "field": 197, 
            "message": "Expected RUTF New, none provided.", 
            "type": "req_val", 
            "order": 1000
        }
    }, 
    {
        "pk": 110, 
        "model": "rapidsms_xforms.xformfieldconstraint", 
        "fields": {
            "test": null, 
            "field": 198, 
            "message": "Expected RUTF Balance, none provided.", 
            "type": "req_val", 
            "order": 1000
        }
    }, 
    {
        "pk": 1, 
        "model": "rapidsms_xforms.xformfieldconstraint", 
        "fields": {
            "test": null, 
            "field": 61, 
            "message": "Expected The name of the malnourished patient, none provided.", 
            "type": "req_val", 
            "order": 1000
        }
    },
    {
        "pk": "cvs_autoreg",
        "model": "script.script",
        "fields": {
            "enabled": true,
            "name": "Community Vulnerability Suveillance Script",
            "sites": [
                1
            ]
        }
    },
    {
        "pk": 133,
        "model": "poll.poll",
        "fields": {
            "default_response": "",
            "name": "cvs_role",
            "end_date": null,
            "contacts": [],
            "messages": [],
            "question": "Welcome to RapidSMS, the Ministry of Health's data collection system. What is your role?",
            "sites": [
                1
            ],
            "user": 1,
            "type": "t",
            "start_date": null
        }
    },
    {
        "pk": 188,
        "model": "poll.category",
        "fields": {
            "error_category": false,
            "name": "VHT",
            "color": "",
            "priority": null,
            "default": false,
            "poll": 133,
            "response": null
        }
    },
    {
        "pk": 189,
        "model": "poll.category",
        "fields": {
            "error_category": false,
            "name": "PVHT",
            "color": "",
            "priority": null,
            "default": false,
            "poll": 133,
            "response": null
        }
    },
    {
        "pk": 190,
        "model": "poll.category",
        "fields": {
            "error_category": false,
            "name": "HC",
            "color": "",
            "priority": null,
            "default": false,
            "poll": 133,
            "response": null
        }
    },
    {
        "pk": 191,
        "model": "poll.category",
        "fields": {
            "error_category": false,
            "name": "DHT",
            "color": "",
            "priority": null,
            "default": false,
            "poll": 133,
            "response": null
        }
    },
    {
        "pk": 192,
        "model": "poll.category",
        "fields": {
            "error_category": true,
            "name": "unclear",
            "color": "",
            "priority": null,
            "default": true,
            "poll": 133,
            "response": "We did not understand your answer.  Kindly note that this number is for official use only."
        }
    },
    {
        "pk": 132, 
        "model": "poll.rule", 
        "fields": {
            "regex": "^\\s*(vht|village health team|village)(\\s|[^a-zA-Z]|$)", 
            "category": 188, 
            "rule_string": "vht|village health team|village", 
            "rule_type": "sw"
        }
    }, 
    {
        "pk": 133, 
        "model": "poll.rule", 
        "fields": {
            "regex": "^\\s*(pvht|peer)(\\s|[^a-zA-Z]|$)", 
            "category": 189, 
            "rule_string": "pvht|peer", 
            "rule_type": "sw"
        }
    }, 
    {
        "pk": 134, 
        "model": "poll.rule", 
        "fields": {
            "regex": "^\\s*(hc|hf|hcw|health center|facility|center|itc|otc|itp|otp)(\\s|[^a-zA-Z]|$)", 
            "category": 190, 
            "rule_string": "hc|hf|hcw|health center|facility|center|itc|otc|itp|otp", 
            "rule_type": "sw"
        }
    }, 
    {
        "pk": 135, 
        "model": "poll.rule", 
        "fields": {
            "regex": "^\\s*(dht|dho|district)(\\s|[^a-zA-Z]|$)", 
            "category": 191, 
            "rule_string": "dht|dho|district", 
            "rule_type": "sw"
        }
    }, 
    {
        "pk": 89,
        "model": "script.scriptstep",
        "fields": {
            "script": "cvs_autoreg",
            "retry_offset": 600,
            "rule": "M",
            "email": null,
            "num_tries": 3,
            "start_offset": 0,
            "message": "",
            "poll": 133,
            "order": 0,
            "giveup_offset": 60
        }
    },
    {
        "pk": 134,
        "model": "poll.poll",
        "fields": {
            "default_response": "",
            "name": "cvs_name",
            "end_date": null,
            "contacts": [],
            "messages": [],
            "question": "Please enter only the answers to the questions asked. What is your name?",
            "sites": [
                1
            ],
            "user": 1,
            "type": "t",
            "start_date": null
        }
    },
    {
        "pk": 90,
        "model": "script.scriptstep",
        "fields": {
            "script": "cvs_autoreg",
            "retry_offset": 600,
            "rule": "R",
            "email": null,
            "num_tries": 3,
            "start_offset": 0,
            "message": "",
            "poll": 134,
            "order": 1,
            "giveup_offset": 600
        }
    },
    {
        "pk": 135,
        "model": "poll.poll",
        "fields": {
            "default_response": "",
            "name": "cvs_district",
            "end_date": null,
            "contacts": [],
            "messages": [],
            "question": "What is the name of your District?",
            "sites": [
                1
            ],
            "user": 1,
            "type": "district",
            "start_date": null
        }
    },
    {
        "pk": 91,
        "model": "script.scriptstep",
        "fields": {
            "script": "cvs_autoreg",
            "retry_offset": 600,
            "rule": "M",
            "email": null,
            "num_tries": 3,
            "start_offset": 0,
            "message": "",
            "poll": 135,
            "order": 2,
            "giveup_offset": 600
        }
    },
    {
        "pk": 136,
        "model": "poll.poll",
        "fields": {
            "default_response": "",
            "name": "cvs_healthfacility",
            "end_date": null,
            "contacts": [],
            "messages": [],
            "question": "What is the name of your Health Facility?",
            "sites": [
                1
            ],
            "user": 1,
            "type": "t",
            "start_date": null
        }
    },
    {
        "pk": 92,
        "model": "script.scriptstep",
        "fields": {
            "script": "cvs_autoreg",
            "retry_offset": 600,
            "rule": "R",
            "email": null,
            "num_tries": 3,
            "start_offset": 0,
            "message": "",
            "poll": 136,
            "order": 3,
            "giveup_offset": 600
        }
    },
    {
        "pk": 137,
        "model": "poll.poll",
        "fields": {
            "default_response": "",
            "name": "cvs_village",
            "end_date": null,
            "contacts": [],
            "messages": [],
            "question": "What is the name of your Village?",
            "sites": [
                1
            ],
            "user": 1,
            "type": "t",
            "start_date": null
        }
    },
    {
        "pk": 93,
        "model": "script.scriptstep",
        "fields": {
            "script": "cvs_autoreg",
            "retry_offset": 600,
            "rule": "R",
            "email": null,
            "num_tries": 3,
            "start_offset": 0,
            "message": "",
            "poll": 137,
            "order": 4,
            "giveup_offset": 600
        }
    },
    {
        "pk": 94,
        "model": "script.scriptstep",
        "fields": {
            "script": "cvs_autoreg",
            "retry_offset": null,
            "rule": "w",
            "email": null,
            "num_tries": null,
            "start_offset": 0,
            "message": "Thank you  for registering! You have just entered training mode.",
            "poll": null,
            "order": 6,
            "giveup_offset": 0
        }
    }
]
